periodo,banco,nombre_b2201,patrimonio,capital_social,nombre_b2401,roe,morosidad,nombre_b2402,ratio_capital
2009-12,BBVA Perú,banco continental,2887676.0,1471243.0,b. continental,36.54386235873158,1.04,b. continental,13.31
2010-01,BBVA Perú,banco continental,2940267.0,1471243.0,b. continental,35.31672275113637,1.27,b. continental,13.29
2010-02,BBVA Perú,banco continental,2993097.0,1471243.0,b. continental,34.215403167548644,1.28,b. continental,12.84
2010-03,BBVA Perú,banco continental,2615809.0,1843427.0,b. continental,34.466161681105504,1.18,b. continental,14.42
2010-04,BBVA Perú,banco continental,2701430.0,1843427.0,b. continental,33.307854689557225,1.27,b. continental,14.15
2010-05,BBVA Perú,banco continental,2764764.0,1843427.0,b. continental,32.62958129406225,1.34,b. continental,13.72
2010-06,BBVA Perú,banco continental,2843662.0,1843427.0,b. continental,31.61968629768269,1.16,b. continental,13.8
2010-07,BBVA Perú,banco continental,2946769.342,1843427.288,b. continental,32.104120708938936,1.4,b. continental,12.96
2010-08,BBVA Perú,banco continental,3042051.73,1843427.288,b. continental,32.65478134694948,1.42,b. continental,12.9
2010-09,BBVA Perú,banco continental,3122560.921,1843427.288,b. continental,33.03277182227798,1.26,b. continental,12.81
2010-10,BBVA Perú,banco continental,3220025.276,1843427.288,b. continental,33.30821287874919,1.15,b. continental,14.61
2010-11,BBVA Perú,banco continental,3293183.998,1843427.288,b. continental,33.76856734296059,1.17,b. continental,14.07
2010-12,BBVA Perú,banco continental,3383914.83,1843427.288,b. continental,33.69889781194071,1.04,b. continental,14.65
2011-01,BBVA Perú,banco continental,3467436.424,1843427.288,b. continental,33.531064918959494,1.14,b. continental,14.57
2011-02,BBVA Perú,banco continental,3537192.627,1843427.288,b. continental,33.500774119405214,1.16,b. continental,14.48
2011-03,BBVA Perú,banco continental,2808995.068,1944231.963,b. continental,33.74143232500008,1.1,b. continental,14.9
2011-04,BBVA Perú,banco continental,2879238.75,1944231.963,b. continental,33.21734684228068,1.12,b. continental,14.54
2011-05,BBVA Perú,banco continental,2991846.355,1944231.963,b. continental,33.84230364014088,1.13,b. continental,14.15
2011-06,BBVA Perú,banco continental,3101083.035,1944231.963,b. continental,34.00449422011754,1.04,b. continental,14.13
2011-07,BBVA Perú,banco continental,3199645.645,1944231.963,b. continental,33.65330570736821,1.05,b. continental,13.14
2011-08,BBVA Perú,banco continental,3308014.923,1944231.963,b. continental,33.34571041405646,1.13,b. continental,13.07
2011-09,BBVA Perú,banco continental,3388430.744,1944231.963,b. continental,33.355912389990415,1.05,b. continental,13.05
2011-10,BBVA Perú,banco continental,3499578.712,1944231.963,b. continental,33.56078976370719,1.08,b. continental,13.05
2011-11,BBVA Perú,banco continental,3598614.614,1944231.963,b. continental,33.98344094696551,1.03,b. continental,12.77
2011-12,BBVA Perú,banco continental,3704839.069,1944231.963,b. continental,34.310712503426444,0.92,b. continental,12.46
2012-01,BBVA Perú,banco continental,3799172.538,1944231.963,b. continental,34.19500959710021,1.03,b. continental,12.28
2012-02,BBVA Perú,banco continental,3907794.731,1944231.963,b. continental,34.586368939210494,1.16,b. continental,12.5
2012-03,BBVA Perú,banco continental,3278303.289,2226472.773,b. continental,34.4019149012557,1.11,b. continental,13.19
2012-04,BBVA Perú,banco continental,3384655.264,2226472.773,b. continental,34.60941474093734,1.25,b. continental,13.14
2012-05,BBVA Perú,banco continental,3469369.234,2226472.773,b. continental,34.22294548531058,1.23,b. continental,12.98
2012-06,BBVA Perú,banco continental,3588313.123,2226472.773,b. continental,34.25626283329256,1.2,b. continental,13.95
2012-07,BBVA Perú,banco continental,3701684.443,2226472.773,b. continental,34.05939173716192,1.16,b. continental,13.28
2012-08,BBVA Perú,banco continental,3807827.533,2226472.773,b. continental,34.03359646492572,1.24,b. continental,13.16
2012-09,BBVA Perú,banco continental,3908764.3,2226472.773,b. continental,33.806474622683815,1.19,b. continental,12.85
2012-10,BBVA Perú,banco continental,4004389.779,2226472.773,b. continental,33.57908991403876,1.24,b. continental,12.84
2012-11,BBVA Perú,banco continental,4107090.788,2226472.773,b. continental,33.13851678594403,1.27,b. continental,12.61
2012-12,BBVA Perú,banco continental,4228084.482,2226472.773,b. continental,33.077471091729876,1.19,b. continental,12.43
2013-01,BBVA Perú,banco continental,4329198.84,2226472.773,b. continental,33.03232298961679,1.47,b. continental,12.55
2013-02,BBVA Perú,banco continental,4427986.458,2226472.773,b. continental,32.57246769671927,1.5,b. continental,12.4
2013-03,BBVA Perú,banco continental,3909439.494,2724770.23,b. continental,31.96821619287006,1.52,b. continental,12.84
2013-04,BBVA Perú,banco continental,4000032.708,2724770.23,b. continental,31.45320957204104,1.68,b. continental,12.65
2013-05,BBVA Perú,banco continental,4098407.212,2724770.23,b. continental,31.23524844742705,1.71,b. continental,12.56
2013-06,BBVA Perú,banco continental,4202856.119,2724770.23,b. continental,30.673204401925187,1.62,b. continental,13.23
2013-07,BBVA Perú,banco continental,4317821.311,2724770.23,b. continental,30.669352651553194,1.74,b. continental,12.94
2013-08,BBVA Perú,banco continental,4423463.941,2724770.23,b. continental,30.28755595302642,1.78,b. continental,12.7
2013-09,BBVA Perú,banco continental,4536081.87,2724770.23,b. continental,30.20071246204073,1.79,b. continental,12.87
2013-10,BBVA Perú,banco continental,4648285.884,2724770.23,b. continental,30.112723995933187,1.82,b. continental,13.15
2013-11,BBVA Perú,banco continental,4760527.235,2724770.23,b. continental,29.952110197180996,1.81,b. continental,12.69
2013-12,BBVA Perú,banco continental,4890594.81,2724770.23,b. continental,29.788077920005357,1.74,b. continental,12.42
2014-01,BBVA Perú,banco continental,4984579.821,2724770.23,b. continental,29.281711561650464,1.99,b. continental,12.42
2014-02,BBVA Perú,banco continental,5074537.149,2724770.23,b. continental,28.73655041664822,2.1,b. continental,12.34
2014-03,BBVA Perú,banco continental,4534862.777,3246530.842,b. continental,28.567450613535637,2.03,b. continental,12.39
2014-04,BBVA Perú,banco continental,4634440.204,3246530.842,b. continental,28.3663224482694,2.14,b. continental,12.95
2014-05,BBVA Perú,banco continental,4745875.274,3246530.842,b. continental,28.224149261299754,2.24,b. continental,12.98
2014-06,BBVA Perú,banco continental,4865042.739,3246530.842,b. continental,28.148858857570836,1.96,b. continental,13.23
2014-07,BBVA Perú,banco continental,4978109.144,3246530.842,b. continental,27.677271360241264,2.26,b. continental,12.9
2014-08,BBVA Perú,banco continental,5075883.92,3246530.842,b. continental,27.29671218427154,2.29,b. continental,12.75
2014-09,BBVA Perú,banco continental,5190413.467,3246530.842,b. continental,27.05937703525881,2.27,b. continental,14.23
2014-10,BBVA Perú,banco continental,5327826.816,3246530.842,b. continental,27.100811487822117,2.45,b. continental,14.1
2014-11,BBVA Perú,banco continental,5438363.067,3246530.842,b. continental,26.759894581468124,2.38,b. continental,14.08
2014-12,BBVA Perú,banco continental,5577868.457,3246530.842,b. continental,26.68532749726279,2.23,b. continental,13.78
2015-01,BBVA Perú,banco continental,5685066.197,3246530.842,b. continental,26.596407289203828,2.43,b. continental,13.76
2015-02,BBVA Perú,banco continental,5786697.237,3246530.842,b. continental,26.476229787911265,2.45,b. continental,13.45
2015-03,BBVA Perú,banco continental,5223100.522,3784146.191,b. continental,26.388951445004533,2.31,b. continental,13.64
2015-04,BBVA Perú,banco continental,5346049.742,3784146.191,b. continental,26.510623876188333,2.41,b. continental,13.6
2015-05,BBVA Perú,banco continental,5436108.449,3784146.191,b. continental,25.85323330124646,2.47,b. continental,13.48
2015-06,BBVA Perú,banco continental,5558514.69,3784146.191,b. continental,25.703616636639985,2.31,b. continental,13.09
2015-07,BBVA Perú,banco continental,5665744.066,3784146.191,b. continental,25.385117100716574,2.46,b. continental,13.79
2015-08,BBVA Perú,banco continental,5794872.185,3784146.191,b. continental,25.634884189384294,2.54,b. continental,13.9
2015-09,BBVA Perú,banco continental,5894168.369,3784146.191,b. continental,25.09474383138396,2.41,b. continental,13.95
2015-10,BBVA Perú,banco continental,6023350.783,3784146.191,b. continental,24.667006959841054,2.48,b. continental,13.89
2015-11,BBVA Perú,banco continental,6130168.216,3784146.191,b. continental,24.513577312522823,2.24,b. continental,13.54
2015-12,BBVA Perú,banco continental,6255986.885,3784146.191,b. continental,23.923381751441422,2.17,b. continental,13.31
2016-01,BBVA Perú,banco continental,6363342.644,3784146.191,b. continental,23.728699334145393,2.33,b. continental,13.39
2016-02,BBVA Perú,banco continental,6455732.484,3784146.191,b. continental,23.390759355550102,2.42,b. continental,13.17
2016-03,BBVA Perú,banco continental,5944724.583,4401367.891,b. continental,22.845031069822355,2.33,b. continental,13.89
2016-04,BBVA Perú,banco continental,6066179.105,4401367.891,b. continental,22.545523050805212,2.36,b. continental,13.77
2016-05,BBVA Perú,banco continental,6166930.784,4401367.891,b. continental,22.53170522784183,2.44,b. continental,13.73
2016-06,BBVA Perú,banco continental,6288273.971,4401367.891,b. continental,22.19001638730142,2.49,b. continental,13.82
2016-07,BBVA Perú,banco continental,6386989.078,4401367.891,b. continental,21.857925012529165,2.43,b. continental,14.38
2016-08,BBVA Perú,banco continental,6507053.597,4401367.891,b. continental,21.4451166011915,2.48,b. continental,14.63
2016-09,BBVA Perú,banco continental,6629355.553,4401367.891,b. continental,21.424495979684643,2.45,b. continental,14.66
2016-10,BBVA Perú,banco continental,6729091.57,4401367.891,b. continental,20.911507502382403,2.56,b. continental,14.54
2016-11,BBVA Perú,banco continental,6858508.388,4401367.891,b. continental,20.680617265972746,2.68,b. continental,14.64
2016-12,BBVA Perú,banco continental,6988890.73,4401367.891,b. continental,20.74768439928411,2.41,b. continental,14.25
2017-01,BBVA Perú,banco continental,7083945.417,4401367.891,b. continental,20.427016681194743,2.79,b. continental,14.7
2017-02,BBVA Perú,banco continental,7180717.313,4401367.891,b. continental,20.284138310889592,2.83,b. continental,14.95
2017-03,BBVA Perú,banco continental,6581573.379,4401367.891,b. continental,20.40732459872175,2.73,b. continental,14.98
2017-04,BBVA Perú,banco continental,6698975.995,4401367.891,b. continental,20.229076205371076,2.97,b. continental,15.29
2017-05,BBVA Perú,banco continental,6817266.892,4401367.891,b. continental,20.231397623403087,3.09,b. continental,15.19
2017-06,BBVA Perú,banco continental,6912602.972,4883119.065,b. continental,19.769926863990054,2.92,b. continental,15.08
2017-07,BBVA Perú,banco continental,7034031.93,4883119.065,b. continental,19.91185783007877,3.06,b. continental,15.29
2017-08,BBVA Perú,banco continental,7158215.727,4883119.065,b. continental,19.832573982612747,3.07,b. continental,15.2
2017-09,BBVA Perú,banco continental,7268973.942,4883119.065,b. continental,19.584714037821104,2.83,b. continental,14.6
2017-10,BBVA Perú,banco continental,7383569.771,4883119.065,b. continental,19.54365607728798,2.88,b. continental,14.67
2017-11,BBVA Perú,banco continental,7504874.503,4883119.065,b. continental,19.368038615392592,2.87,b. continental,14.35
2017-12,BBVA Perú,banco continental,7659678.178,4883119.065,b. continental,19.51717953499709,2.68,b. continental,14.2
2018-01,BBVA Perú,banco continental,7777968.856,4883119.065,b. continental,19.5614292212327,2.87,b. continental,14.35
2018-02,BBVA Perú,banco continental,7867321.478,4883119.065,b. continental,19.36395222111337,2.98,b. continental,14.33
2018-03,BBVA Perú,banco continental,7238522.572,4883119.065,b. continental,19.286736556841916,2.83,b. continental,14.98
2018-04,BBVA Perú,banco continental,7353694.69,4883119.065,b. continental,19.16639214714508,3.07,b. continental,15.09
2018-05,BBVA Perú,banco continental,7482345.011,5368601.572,b. continental,19.303354156687263,3.15,b. continental,14.94
2018-06,BBVA Perú,banco continental,7593651.595,5368601.572,b. continental,19.415981134141145,2.95,b. continental,14.79
2018-07,BBVA Perú,banco continental,7699629.441,5368601.572,b. continental,19.02865842464669,3.19,b. continental,14.88
2018-08,BBVA Perú,banco continental,7818468.359,5368601.572,b. continental,18.858688604263897,3.35,b. continental,15.02
2018-09,BBVA Perú,banco continental,7925094.605,5368601.572,b. continental,18.67642667756771,3.05,b. continental,14.72
2018-10,BBVA Perú,banco continental,8049553.992,5368601.572,b. continental,18.808430961004426,3.16,b. continental,14.6
2018-11,BBVA Perú,banco continental,8179749.05,5368601.572,b. continental,18.86645508009447,3.23,b. continental,14.47
2018-12,BBVA Perú,banco continental,8358662.742,5368601.572,b. continental,18.975127861009614,2.94,b. continental,14.95
2019-01,BBVA Perú,banco continental,8485802.301,5368601.572,b. continental,18.883539316478114,3.09,b. continental,15.01
2019-02,BBVA Perú,banco continental,8588528.099,5368601.572,b. continental,18.835249726261523,3.22,b. continental,15.23
2019-03,BBVA Perú,banco continental,7921079.909,5885209.377,b. continental,18.833808262043412,2.99,b. continental,14.82
2019-04,BBVA Perú,banco continental,8064086.971,5885209.377,b. continental,18.985823593734583,3.12,b. continental,14.89
2019-05,BBVA Perú,banco continental,8217238.156,5885209.377,b. continental,19.05787723416863,3.32,b. bbva peru*,14.76
2019-06,BBVA Perú,banco bbva peru*,8363932.694,5885209.377,b. bbva peru*,19.208932124647184,3.13,b. bbva peru,14.56
2019-07,BBVA Perú,banco bbva peru,8538560.039,5885209.377,b. bbva peru,19.764827136761124,3.23,b. bbva peru,14.45
2019-08,BBVA Perú,banco bbva peru,8689394.033,5885209.377,b. bbva peru,19.890535723602397,3.23,b. bbva peru,14.21
2019-09,BBVA Perú,banco bbva peru,8824333.509,5885209.377,b. bbva peru,20.02636983099653,3.09,b. bbva peru,13.95
2019-10,BBVA Perú,banco bbva peru,8941710.765,5885209.377,b. bbva peru,19.691546014826844,3.18,b. bbva peru,14.5
2019-11,BBVA Perú,banco bbva peru,9059676.184,5885209.377,b. bbva peru,19.449293444180153,3.12,b. bbva peru,13.96
2019-12,BBVA Perú,banco bbva peru,9187760.587,5885209.377,b. bbva peru,18.77760584615899,3.02,b. bbva peru,14.05
2020-01,BBVA Perú,banco bbva peru,9333413.525,5885209.377,b. bbva peru,18.783540109914433,3.18,b. bbva peru,14.23
2020-02,BBVA Perú,banco bbva peru,9431671.295,5885209.377,b. bbva peru,18.80631450618384,3.25,b. bbva peru,14.17
2020-03,BBVA Perú,banco bbva peru,9571443.014,5885209.377,b. bbva peru,18.463630754312256,3.14,b. bbva peru,14.01
2020-04,BBVA Perú,banco bbva peru,9614731.424,5885209.377,b. bbva peru,16.841708272581812,3.69,b. bbva peru,14.04
2020-05,BBVA Perú,banco bbva peru,9083054.512,6529169.237,b. bbva peru,15.28919105604682,3.35,b. bbva peru,14.2
2020-06,BBVA Perú,banco bbva peru,9113876.098,6529169.237,b. bbva peru,14.022397422738548,3.23,b. bbva peru,14.07
2020-07,BBVA Perú,banco bbva peru,9172175.973,6529169.237,b. bbva peru,12.647115538728917,3.04,b. bbva peru,14.26
2020-08,BBVA Perú,banco bbva peru,9232180.163,6529169.237,b. bbva peru,11.55829841238343,2.97,b. bbva peru,14.46
2020-09,BBVA Perú,banco bbva peru,9243270.768,6529169.237,b. bbva peru,10.130607815305261,3.0,b. bbva peru,14.45
2020-10,BBVA Perú,banco bbva peru,9263627.688,6529169.237,b. bbva peru,8.95880302615358,3.12,b. bbva peru,13.83
2020-11,BBVA Perú,banco bbva peru,9291919.126,6529169.237,b. bbva peru,7.9295740850554255,3.14,b. bbva peru,13.91
2020-12,BBVA Perú,banco bbva peru,9376069.384,6529169.237,b. bbva peru,7.036435077704621,3.22,b. bbva peru,13.68
2021-01,BBVA Perú,banco bbva peru,9421635.871,6529169.237,b. bbva peru,6.238456598878285,3.37,b. bbva peru,13.68
2021-02,BBVA Perú,banco bbva peru,9446287.603,6529169.237,b. bbva peru,5.501364762168451,3.37,b. bbva peru,14.59
2021-03,BBVA Perú,banco bbva peru,9225631.931,6758466.728,b. bbva peru,5.15243778582711,3.38,b. bbva peru,15.06
2021-04,BBVA Perú,banco bbva peru,9272942.884,6758466.728,b. bbva peru,5.857478572461733,3.33,b. bbva peru,14.88
2021-05,BBVA Perú,banco bbva peru,9369413.914,6758466.728,b. bbva peru,6.4648593374796715,3.27,b. bbva peru,14.47
2021-06,BBVA Perú,banco bbva peru,9476895.582,6758466.728,b. bbva peru,7.300586729739542,3.26,b. bbva peru,14.59
2021-07,BBVA Perú,banco bbva peru,9587111.152,6758466.728,b. bbva peru,8.252142611043471,3.41,b. bbva peru,14.5
2021-08,BBVA Perú,banco bbva peru,9659506.063,6758466.728,b. bbva peru,8.974269553145806,3.51,b. bbva peru,14.51
2021-09,BBVA Perú,banco bbva peru,9471848.337,6758466.728,b. bbva peru,10.497646566461356,3.55,b. bbva peru,14.52
2021-10,BBVA Perú,banco bbva peru,9794796.21,6758466.728,b. bbva peru,13.464689812657667,3.61,b. bbva peru,14.31
2021-11,BBVA Perú,banco bbva peru,9955849.449,6758466.728,b. bbva peru,14.694302825928904,3.68,b. bbva peru,14.13
2021-12,BBVA Perú,banco bbva peru,10181735.981,6758466.728,b. bbva peru,16.290198230090052,3.7,b. bbva peru,14.13
2022-01,BBVA Perú,banco bbva peru,10290081.683,6758466.728,b. bbva peru,16.927744177527323,3.95,b. bbva peru,13.97
2022-02,BBVA Perú,banco bbva peru,10422724.588,6758466.728,b. bbva peru,17.663960422707508,4.0,b. bbva peru,14.06
2022-03,BBVA Perú,banco bbva peru,9777739.745,7382183.964,b. bbva peru,18.177635507697833,3.95,b. bbva peru,14.49
2022-04,BBVA Perú,banco bbva peru,9904825.227,7382183.964,b. bbva peru,18.74746793925375,3.97,b. bbva peru,14.35
2022-05,BBVA Perú,banco bbva peru,10104272.214,7382183.964,b. bbva peru,19.790794567017826,3.96,b. bbva peru,14.5
2022-06,BBVA Perú,banco bbva peru,10290272.553,7382183.964,b. bbva peru,20.321825184447214,4.02,b. bbva peru,14.35
2022-07,BBVA Perú,banco bbva peru,10492719.51,7382183.964,b. bbva peru,20.81491907138309,4.0,b. bbva peru,14.19
2022-08,BBVA Perú,banco bbva peru,10657707.504,7382183.964,b. bbva peru,20.998482996507814,4.09,b. bbva peru,14.11
2022-09,BBVA Perú,banco bbva peru,10801321.866,7382183.964,b. bbva peru,21.02695311495404,4.18,b. bbva peru,14.0
2022-10,BBVA Perú,banco bbva peru,10944931.09,7382183.964,b. bbva peru,19.412132696383637,4.29,b. bbva peru,13.92
2022-11,BBVA Perú,banco bbva peru,11120194.755,7382183.964,b. bbva peru,19.02210917930315,4.3,b. bbva peru,13.94
2022-12,BBVA Perú,banco bbva peru,11257188.628,7382183.964,b. bbva peru,18.205677967433807,4.37,b. bbva peru,13.96
2023-01,BBVA Perú,banco bbva peru,11432918.194,7382183.964,b. bbva peru,18.454647240296353,4.54,b. bbva peru,16.3
2023-02,BBVA Perú,banco bbva peru,11528199.026,7382183.964,b. bbva peru,18.18696143602197,4.55,b. bbva peru,16.490000000000002
2023-03,BBVA Perú,banco bbva peru,10834600.266,8147210.701,b. bbva peru,18.404764953629442,4.38,b. bbva peru,15.06
2023-04,BBVA Perú,banco bbva peru,11009790.745,8147210.701,b. bbva peru,18.56195764070747,4.38,b. bbva peru,15.36
2023-05,BBVA Perú,banco bbva peru,11207567.953,8147210.701,b. bbva peru,18.198335520006655,4.55,b. bbva peru,15.53
2023-06,BBVA Perú,banco bbva peru,11437316.488,8147210.701,b. bbva peru,17.81149730047274,4.61,b. bbva peru,15.660210604964462
2023-07,BBVA Perú,banco bbva peru,11617012.902,8147210.701,b. bbva peru,17.368385412383525,4.71,b. bbva peru,15.78615320713066
2023-08,BBVA Perú,banco bbva peru,11772594.055,8147210.701,b. bbva peru,17.10361938689408,4.73,b. bbva peru,15.874657784367857
2023-09,BBVA Perú,banco bbva peru,11891241.572,8147210.701,b. bbva peru,16.828831285954767,4.67,b. bbva peru,15.874145146853444
2023-10,BBVA Perú,banco bbva peru,11971162.273,8147210.701,b. bbva peru,16.596077212851515,4.7700000000000005,b. bbva peru,15.56253758649431
2023-11,BBVA Perú,banco bbva peru,12178120.858,8147210.701,b. bbva peru,16.399338960012848,4.84,b. bbva peru,15.584538476895737
2023-12,BBVA Perú,banco bbva peru,12368849.384,8147210.701,b. bbva peru,16.107241644436098,4.71,b. bbva peru,15.587582546550346
2024-01,BBVA Perú,banco bbva peru,12527411.175,8147210.701,b. bbva peru,15.479843214483985,4.89,b. bbva peru,15.759478012856729
2024-02,BBVA Perú,banco bbva peru,12566026.238,8147210.701,b. bbva peru,15.037328865845934,4.93,b. bbva peru,16.04185245621433
2024-03,BBVA Perú,banco bbva peru,11740830.656,8894851.804,b. bbva peru,14.561409311995716,4.65,b. bbva peru,15.147961960282375
2024-04,BBVA Perú,banco bbva peru,11894736.167,8894851.804,b. bbva peru,14.270129623952963,4.73,b. bbva peru,15.567470099064447
2024-05,BBVA Perú,banco bbva peru,12039481.959,8894851.804,b. bbva peru,13.823247391543234,4.83,b. bbva peru,16.093006296509728
2024-06,BBVA Perú,banco bbva peru,12144807.488,8894851.804,b. bbva peru,13.829543808246159,4.54,b. bbva peru,15.938616393668775
2024-07,BBVA Perú,banco bbva peru,12358421.052,8894851.804,b. bbva peru,13.911143296323896,4.57,b. bbva peru,16.06815197574966
2024-08,BBVA Perú,banco bbva peru,12578543.542,8894851.804,b. bbva peru,13.954878807765795,4.29,b. bbva peru,16.300498105775944
2024-09,BBVA Perú,banco bbva peru,12778182.802,8894851.804,b. bbva peru,13.849240927938917,4.2,b. bbva peru,15.660495425327808
2024-10,BBVA Perú,banco bbva peru,12852402.419,8894851.804,b. bbva peru,13.928822042089289,4.07,b. bbva peru,15.688982190863317
2024-11,BBVA Perú,banco bbva peru,13089661.838,8894851.804,b. bbva peru,14.50584510702115,3.93,b. bbva peru,15.805888163734194
2024-12,BBVA Perú,banco bbva peru,13299244.023,8894851.804,b. bbva peru,15.104352439807833,3.72,b. bbva peru,15.94723100387869
2025-01,BBVA Perú,banco bbva peru,13488536.138,8894851.804,b. bbva peru,15.532942420517914,3.75,b. bbva peru,16.281347564942696
2025-02,BBVA Perú,banco bbva peru,13709997.781,8894851.804,b. bbva peru,16.06186084965897,3.64,b. bbva peru,16.53429273181124
2025-03,BBVA Perú,banco bbva peru,12916332.654,9649413.642,b. bbva peru,16.22654024137794,3.59,b. bbva peru,15.374385208037666
2025-04,BBVA Perú,banco bbva peru,13135816.298,9649413.642,b. bbva peru,16.24415758036427,3.5100000000000002,b. bbva peru,15.488633821815784
2025-05,BBVA Perú,banco bbva peru,13325276.422,9649413.642,b. bbva peru,16.590278011707092,3.48,b. bbva peru,15.579806563776428
2025-06,BBVA Perú,banco bbva peru,13571175.139,9649413.642,b. bbva peru,16.729192306154474,3.38,b. bbva peru,15.73837551361943
2025-07,BBVA Perú,banco bbva peru,13819782.921,9649413.642,b. bbva peru,17.116136133372468,3.45,b. bbva peru,15.76098213074499
2025-08,BBVA Perú,banco bbva peru,14104043.434,9649413.642,b. bbva peru,17.650135757154136,3.35,b. bbva peru,15.9456335112501
2025-09,BBVA Perú,banco bbva peru,14354408.749,9649413.642,b. bbva peru,17.905556149738054,3.3000000000000003,b. bbva peru,15.85922255083644
2025-10,BBVA Perú,banco bbva peru,14556255.304,9649413.642,b. bbva peru,17.97612664280844,3.25,b. bbva peru,15.79123856753222
2025-11,BBVA Perú,banco bbva peru,14762946.128,9649413.642,b. bbva peru,17.585229043755852,3.0700000000000003,b. bbva peru,15.814108417460318
2025-12,BBVA Perú,banco bbva peru,14990595.13,9649413.642,b. bbva peru,17.207975499143465,3.23,b. bbva peru,15.914117436150981
2009-12,BCP,banco de credito con sucursales en el exterior,4829274.0,2228288.0,b. de credito del peru (con sucursales en el exterior),20.974009724942437,1.41,b. de credito del peru (con sucursales en el exterior),14.52
2010-01,BCP,banco de credito con sucursales en el exterior,4900492.0,2228288.0,b. de credito del peru (con sucursales en el exterior),19.131574887477285,1.45,b. de credito del peru (con sucursales en el exterior),14.33
2010-02,BCP,banco de credito con sucursales en el exterior,4969268.0,2228288.0,b. de credito del peru (con sucursales en el exterior),16.38061597400005,1.5,b. de credito del peru (con sucursales en el exterior),14.67
2010-03,BCP,banco de credito con sucursales en el exterior,4492556.0,2557738.0,b. de credito del peru (con sucursales en el exterior),17.658451025889317,1.61,b. de credito del peru (con sucursales en el exterior),14.48
2010-04,BCP,banco de credito con sucursales en el exterior,4600346.0,2557738.0,b. de credito del peru (con sucursales en el exterior),21.121478939282774,1.65,b. de credito del peru (con sucursales en el exterior),14.17
2010-05,BCP,banco de credito con sucursales en el exterior,4664995.0,2557738.0,b. de credito del peru (con sucursales en el exterior),21.037397216865788,1.55,b. de credito del peru (con sucursales en el exterior),13.99
2010-06,BCP,banco de credito con sucursales en el exterior,4761460.0,2557738.0,b. de credito del peru (con sucursales en el exterior),20.78519832731704,1.5,b. de credito del peru (con sucursales en el exterior),13.62
2010-07,BCP,banco de credito con sucursales en el exterior,4977879.904,2557737.988,b. de credito del peru (con sucursales en el exterior),21.63685101007992,1.64,b. de credito del peru (con sucursales en el exterior),14.23
2010-08,BCP,banco de credito con sucursales en el exterior,5091222.394,2557737.988,b. de credito del peru (con sucursales en el exterior),22.97828807187562,1.65,b. de credito del peru (con sucursales en el exterior),14.0
2010-09,BCP,banco de credito con sucursales en el exterior,5255173.664,2557737.988,b. de credito del peru (con sucursales en el exterior),24.140045687449344,1.49,b. de credito del peru (con sucursales en el exterior),13.89
2010-10,BCP,banco de credito con sucursales en el exterior,5358571.908,2557737.988,b. de credito del peru (con sucursales en el exterior),24.161411800182854,1.5,b. de credito del peru (con sucursales en el exterior),13.3
2010-11,BCP,banco de credito con sucursales en el exterior,5509198.051,2557737.988,b. de credito del peru (con sucursales en el exterior),24.780231829596516,1.45,b. de credito del peru (con sucursales en el exterior),13.18
2010-12,BCP,banco de credito con sucursales en el exterior,5539049.187,2557737.988,b. de credito del peru (con sucursales en el exterior),24.13845775182973,1.35,b. de credito del peru (con sucursales en el exterior),12.84
2011-01,BCP,banco de credito con sucursales en el exterior,5601710.873,2557737.988,b. de credito del peru (con sucursales en el exterior),24.5232046655716,1.41,b. de credito del peru (con sucursales en el exterior),12.89
2011-02,BCP,banco de credito con sucursales en el exterior,5689228.016,2557737.988,b. de credito del peru (con sucursales en el exterior),25.049190065839554,1.39,b. de credito del peru (con sucursales en el exterior),12.92
2011-03,BCP,banco de credito con sucursales en el exterior,5328077.659,2557737.988,b. de credito del peru (con sucursales en el exterior),26.14980977009129,1.45,b. de credito del peru (con sucursales en el exterior),13.72
2011-04,BCP,banco de credito con sucursales en el exterior,5438670.471,2557737.988,b. de credito del peru (con sucursales en el exterior),24.437728468793185,1.37,b. de credito del peru (con sucursales en el exterior),13.37
2011-05,BCP,banco de credito con sucursales en el exterior,5547470.041,2557737.988,b. de credito del peru (con sucursales en el exterior),24.23669031943349,1.38,b. de credito del peru (con sucursales en el exterior),13.13
2011-06,BCP,banco de credito con sucursales en el exterior,5626072.293,2557737.988,b. de credito del peru (con sucursales en el exterior),24.26881755049396,1.42,b. de credito del peru (con sucursales en el exterior),13.53
2011-07,BCP,banco de credito con sucursales en el exterior,5760169.533,2557737.988,b. de credito del peru (con sucursales en el exterior),24.557789596889005,1.43,b. de credito del peru (con sucursales en el exterior),13.15
2011-08,BCP,banco de credito con sucursales en el exterior,5890884.233,2557737.988,b. de credito del peru (con sucursales en el exterior),24.766704229861478,1.46,b. de credito del peru (con sucursales en el exterior),13.12
2011-09,BCP,banco de credito con sucursales en el exterior,5899620.968,2557737.988,b. de credito del peru (con sucursales en el exterior),24.908519162075123,1.46,b. de credito del peru (con sucursales en el exterior),14.79
2011-10,BCP,banco de credito con sucursales en el exterior,6105657.05,2557737.988,b. de credito del peru (con sucursales en el exterior),24.98174733576343,1.5,b. de credito del peru (con sucursales en el exterior),14.84
2011-11,BCP,banco de credito con sucursales en el exterior,6190273.197,2557737.988,b. de credito del peru (con sucursales en el exterior),25.024371726229962,1.46,b. de credito del peru (con sucursales en el exterior),14.48
2011-12,BCP,banco de credito con sucursales en el exterior,6295652.643,2557737.988,b. de credito del peru (con sucursales en el exterior),24.891249887695928,1.42,b. de credito del peru (con sucursales en el exterior),14.53
2012-01,BCP,banco de credito con sucursales en el exterior,6496775.032,2557737.988,b. de credito del peru (con sucursales en el exterior),25.008177506020512,1.46,b. de credito del peru (con sucursales en el exterior),13.95
2012-02,BCP,banco de credito con sucursales en el exterior,6667204.341,2557737.988,b. de credito del peru (con sucursales en el exterior),24.97164231476375,1.52,b. de credito del peru (con sucursales en el exterior),14.13
2012-03,BCP,banco de credito con sucursales en el exterior,6237876.879,3187896.755,b. de credito del peru (con sucursales en el exterior),24.647784631417128,1.59,b. de credito del peru (con sucursales en el exterior),15.35
2012-04,BCP,banco de credito con sucursales en el exterior,6371285.448,3187896.755,b. de credito del peru (con sucursales en el exterior),24.759647064260456,1.64,b. de credito del peru (con sucursales en el exterior),16.76
2012-05,BCP,banco de credito con sucursales en el exterior,6414362.801,3187896.755,b. de credito del peru (con sucursales en el exterior),24.78627973407233,1.65,b. de credito del peru (con sucursales en el exterior),16.26
2012-06,BCP,banco de credito con sucursales en el exterior,6505189.978,3187896.755,b. de credito del peru (con sucursales en el exterior),24.026794289987734,1.69,b. de credito del peru (con sucursales en el exterior),15.91
2012-07,BCP,banco de credito con sucursales en el exterior,6655469.421,3187896.755,b. de credito del peru (con sucursales en el exterior),23.828659649717192,1.69,b. de credito del peru (con sucursales en el exterior),14.66
2012-08,BCP,banco de credito con sucursales en el exterior,6770649.124,3187896.755,b. de credito del peru (con sucursales en el exterior),23.531648643747783,1.72,b. de credito del peru (con sucursales en el exterior),14.51
2012-09,BCP,banco de credito con sucursales en el exterior,6899204.454,3187896.755,b. de credito del peru (con sucursales en el exterior),22.80446222407437,1.67,b. de credito del peru (con sucursales en el exterior),14.11
2012-10,BCP,banco de credito con sucursales en el exterior,7024421.16,3187896.755,b. de credito del peru (con sucursales en el exterior),22.57700401070907,1.78,b. de credito del peru (con sucursales en el exterior),13.71
2012-11,BCP,banco de credito con sucursales en el exterior,7015192.932,3102896.755,b. de credito del peru (con sucursales en el exterior),22.243676709162926,1.78,b. de credito del peru (con sucursales en el exterior),14.49
2012-12,BCP,banco de credito con sucursales en el exterior,7141283.768,3102896.755,b. de credito del peru (con sucursales en el exterior),22.409794351714982,1.68,b. de credito del peru (con sucursales en el exterior),14.72
2013-01,BCP,banco de credito con sucursales en el exterior,7392961.571,3102896.755,b. de credito del peru (con sucursales en el exterior),22.415558862225645,1.79,b. de credito del peru (con sucursales en el exterior),14.5
2013-02,BCP,banco de credito con sucursales en el exterior,7503571.427,3102896.755,b. de credito del peru (con sucursales en el exterior),21.908422245271346,1.83,b. de credito del peru (con sucursales en el exterior),14.2
2013-03,BCP,banco de credito con sucursales en el exterior,6999398.006,3752616.786,b. de credito del peru (con sucursales en el exterior),21.85450170195631,1.98,b. de credito del peru (con sucursales en el exterior),14.65
2013-04,BCP,banco de credito con sucursales en el exterior,7160593.076,3752616.786,b. de credito del peru (con sucursales en el exterior),21.967925172118765,2.03,b. de credito del peru (con sucursales en el exterior),15.21
2013-05,BCP,banco de credito con sucursales en el exterior,7239324.412,3752616.786,b. de credito del peru (con sucursales en el exterior),22.064073638579973,2.11,b. de credito del peru (con sucursales en el exterior),14.98
2013-06,BCP,banco de credito con sucursales en el exterior,7310532.258,3752616.786,b. de credito del peru (con sucursales en el exterior),21.873093108987483,2.09,b. de credito del peru (con sucursales en el exterior),15.06
2013-07,BCP,banco de credito con sucursales en el exterior,7476174.679,3752616.786,b. de credito del peru (con sucursales en el exterior),21.78427160916503,2.1,b. de credito del peru (con sucursales en el exterior),14.61
2013-08,BCP,banco de credito con sucursales en el exterior,7534547.31,3752616.786,b. de credito del peru (con sucursales en el exterior),21.64311975165652,2.15,b. de credito del peru (con sucursales en el exterior),14.4
2013-09,BCP,banco de credito con sucursales en el exterior,7788762.814,3752616.786,b. de credito del peru (con sucursales en el exterior),21.638719936107343,2.18,b. de credito del peru (con sucursales en el exterior),14.12
2013-10,BCP,banco de credito con sucursales en el exterior,7937449.875,3752616.786,b. de credito del peru (con sucursales en el exterior),21.59577758392631,2.23,b. de credito del peru (con sucursales en el exterior),13.96
2013-11,BCP,banco de credito con sucursales en el exterior,8080640.776,3752616.786,b. de credito del peru (con sucursales en el exterior),21.68051985157473,2.26,b. de credito del peru (con sucursales en el exterior),14.5
2013-12,BCP,banco de credito con sucursales en el exterior,8195026.694,3752616.786,b. de credito del peru (con sucursales en el exterior),21.815535895179764,2.27,b. de credito del peru (con sucursales en el exterior),14.46
2014-01,BCP,banco de credito con sucursales en el exterior,8341224.953,3752616.786,b. de credito del peru (con sucursales en el exterior),21.98543298633311,2.36,b. de credito del peru (con sucursales en el exterior),15.07
2014-02,BCP,banco de credito con sucursales en el exterior,8477143.244,3752616.786,b. de credito del peru (con sucursales en el exterior),21.67178978022256,2.26,b. de credito del peru (con sucursales en el exterior),14.92
2014-03,BCP,banco de credito con sucursales en el exterior,8356972.985,4722752.009,b. de credito del peru (con sucursales en el exterior),21.580959127467146,2.42,b. de credito del peru (con sucursales en el exterior),15.07
2014-04,BCP,banco de credito con sucursales en el exterior,8455920.86,4722752.009,b. de credito del peru (con sucursales en el exterior),20.92543856367965,2.38,b. de credito del peru (con sucursales en el exterior),15.03
2014-05,BCP,banco de credito con sucursales en el exterior,8594052.17,4722752.009,b. de credito del peru (con sucursales en el exterior),20.40904866173724,2.45,b. de credito del peru (con sucursales en el exterior),14.95
2014-06,BCP,banco de credito con sucursales en el exterior,8784229.18,4722752.009,b. de credito del peru (con sucursales en el exterior),20.994624152071996,2.43,b. de credito del peru (con sucursales en el exterior),14.58
2014-07,BCP,banco de credito con sucursales en el exterior,8953366.434,4722752.009,b. de credito del peru (con sucursales en el exterior),21.50881835571325,2.39,b. de credito del peru (con sucursales en el exterior),13.65
2014-08,BCP,banco de credito con sucursales en el exterior,9149843.68,4722752.009,b. de credito del peru (con sucursales en el exterior),21.688773580426933,2.43,b. de credito del peru (con sucursales en el exterior),13.73
2014-09,BCP,banco de credito con sucursales en el exterior,9368990.364,4722752.009,b. de credito del peru (con sucursales en el exterior),22.111763722451222,2.37,b. de credito del peru (con sucursales en el exterior),14.78
2014-10,BCP,banco de credito con sucursales en el exterior,9564934.813,4722752.009,b. de credito del peru (con sucursales en el exterior),22.38636670178876,2.31,b. de credito del peru (con sucursales en el exterior),14.98
2014-11,BCP,banco de credito con sucursales en el exterior,9659669.092,4722752.009,b. de credito del peru (con sucursales en el exterior),21.827237269263616,2.31,b. de credito del peru (con sucursales en el exterior),14.79
2014-12,BCP,banco de credito con sucursales en el exterior,9785204.424,4722752.009,b. de credito del peru (con sucursales en el exterior),21.373056285565227,2.3,b. de credito del peru (con sucursales en el exterior),14.45
2015-01,BCP,banco de credito con sucursales en el exterior,9904618.153,4722752.009,b. de credito del peru (con sucursales en el exterior),23.892944906099533,2.37,b. de credito del peru (con sucursales en el exterior),14.15
2015-02,BCP,banco de credito con sucursales en el exterior,10128223.512,4722752.009,b. de credito del peru (con sucursales en el exterior),24.262459881808052,2.34,b. de credito del peru (con sucursales en el exterior),14.26
2015-03,BCP,banco de credito con sucursales en el exterior,9988950.904,5854050.896,b. de credito del peru (con sucursales en el exterior),24.448718866731593,2.31,b. de credito del peru (con sucursales en el exterior),14.55
2015-04,BCP,banco de credito con sucursales en el exterior,10188831.238,5854050.896,b. de credito del peru (con sucursales en el exterior),24.7008380990901,2.32,b. de credito del peru (con sucursales en el exterior),14.49
2015-05,BCP,banco de credito con sucursales en el exterior,10411621.027,5854050.896,b. de credito del peru (con sucursales en el exterior),25.338047534607135,2.36,b. de credito del peru (con sucursales en el exterior),14.42
2015-06,BCP,banco de credito con sucursales en el exterior,10605178.508,5854050.896,b. de credito del peru (con sucursales en el exterior),25.48675376085813,2.43,b. de credito del peru (con sucursales en el exterior),14.38
2015-07,BCP,banco de credito con sucursales en el exterior,10809031.633,5854050.896,b. de credito del peru (con sucursales en el exterior),25.060525923438483,2.46,b. de credito del peru (con sucursales en el exterior),14.4
2015-08,BCP,banco de credito con sucursales en el exterior,11025521.994,5854050.896,b. de credito del peru (con sucursales en el exterior),24.988085709349992,2.39,b. de credito del peru (con sucursales en el exterior),14.0
2015-09,BCP,banco de credito con sucursales en el exterior,11182186.45,5854050.896,b. de credito del peru (con sucursales en el exterior),24.83111481234406,2.36,b. de credito del peru (con sucursales en el exterior),13.89
2015-10,BCP,banco de credito con sucursales en el exterior,11499832.836,5854050.896,b. de credito del peru (con sucursales en el exterior),25.080022888546928,2.47,b. de credito del peru (con sucursales en el exterior),14.12
2015-11,BCP,banco de credito con sucursales en el exterior,11715376.072,5854050.896,b. de credito del peru (con sucursales en el exterior),25.548407881976402,2.53,b. de credito del peru (con sucursales en el exterior),14.02
2015-12,BCP,banco de credito con sucursales en el exterior,11923752.08,5854050.896,b. de credito del peru (con sucursales en el exterior),25.761497035108462,2.43,b. de credito del peru (con sucursales en el exterior),14.34
2016-01,BCP,banco de credito con sucursales en el exterior,12144622.723,5854050.896,b. de credito del peru (con sucursales en el exterior),23.44872761594447,2.53,b. de credito del peru (con sucursales en el exterior),14.12
2016-02,BCP,banco de credito con sucursales en el exterior,12390559.595,5854050.896,b. de credito del peru (con sucursales en el exterior),23.654810117205113,2.51,b. de credito del peru (con sucursales en el exterior),14.3
2016-03,BCP,banco de credito con sucursales en el exterior,11441980.529,7066346.431,b. de credito del peru (con sucursales en el exterior),23.38402638854502,2.58,b. de credito del peru (con sucursales en el exterior),15.0
2016-04,BCP,banco de credito con sucursales en el exterior,11635670.403,7066346.431,b. de credito del peru (con sucursales en el exterior),23.252642857690404,2.72,b. de credito del peru (con sucursales en el exterior),15.12
2016-05,BCP,banco de credito con sucursales en el exterior,11880153.804,7066346.431,b. de credito del peru (con sucursales en el exterior),23.960164733049684,2.82,b. de credito del peru (con sucursales en el exterior),15.73
2016-06,BCP,banco de credito con sucursales en el exterior,12062926.393,7066346.431,b. de credito del peru (con sucursales en el exterior),23.521331511302122,2.74,b. de credito del peru (con sucursales en el exterior),15.76
2016-07,BCP,banco de credito con sucursales en el exterior,12304623.181,7066346.431,b. de credito del peru (con sucursales en el exterior),23.363216077217807,2.76,b. de credito del peru (con sucursales en el exterior),15.67
2016-08,BCP,banco de credito con sucursales en el exterior,12565258.51,7066346.431,b. de credito del peru (con sucursales en el exterior),23.31115472501523,2.8,b. de credito del peru (con sucursales en el exterior),15.65
2016-09,BCP,banco de credito con sucursales en el exterior,12868835.386,7066346.431,b. de credito del peru (con sucursales en el exterior),23.618240351965365,2.74,b. de credito del peru (con sucursales en el exterior),15.56
2016-10,BCP,banco de credito con sucursales en el exterior,13161193.143,7066346.431,b. de credito del peru (con sucursales en el exterior),23.60488535297567,2.83,b. de credito del peru (con sucursales en el exterior),15.7
2016-11,BCP,banco de credito con sucursales en el exterior,13375817.084,7066346.431,b. de credito del peru (con sucursales en el exterior),23.603286642274742,2.79,b. de credito del peru (con sucursales en el exterior),15.54
2016-12,BCP,banco de credito con sucursales en el exterior,13601116.634,7066346.431,b. de credito del peru (con sucursales en el exterior),23.49324432213414,2.71,b. de credito del peru (con sucursales en el exterior),15.35
2017-01,BCP,banco de credito con sucursales en el exterior,13890432.883,7066346.431,b. de credito del peru (con sucursales en el exterior),23.549868682333262,2.77,b. de credito del peru (con sucursales en el exterior),15.59
2017-02,BCP,banco de credito con sucursales en el exterior,14093086.749,7066346.431,b. de credito del peru (con sucursales en el exterior),22.848044062173035,2.79,b. de credito del peru (con sucursales en el exterior),15.46
2017-03,BCP,banco de credito con sucursales en el exterior,12899157.759,7933342.129,b. de credito del peru (con sucursales en el exterior),22.882683716691282,2.94,b. de credito del peru (con sucursales en el exterior),16.73
2017-04,BCP,banco de credito con sucursales en el exterior,13096241.864,7933342.129,b. de credito del peru (con sucursales en el exterior),22.81455321201791,2.89,b. de credito del peru (con sucursales en el exterior),16.56
2017-05,BCP,banco de credito con sucursales en el exterior,13388700.158,7933342.129,b. de credito del peru (con sucursales en el exterior),22.12183295212761,2.91,b. de credito del peru (con sucursales en el exterior),16.69
2017-06,BCP,banco de credito con sucursales en el exterior,13626657.605,7933342.129,b. de credito del peru (con sucursales en el exterior),22.373459467718064,2.9,b. de credito del peru (con sucursales en el exterior),16.49
2017-07,BCP,banco de credito con sucursales en el exterior,13892392.545,7933342.129,b. de credito del peru (con sucursales en el exterior),22.428773203571282,2.9,b. de credito del peru (con sucursales en el exterior),16.26
2017-08,BCP,banco de credito con sucursales en el exterior,14180529.877,7933342.129,b. de credito del peru (con sucursales en el exterior),22.54067914785352,2.93,b. de credito del peru (con sucursales en el exterior),16.49
2017-09,BCP,banco de credito con sucursales en el exterior,14422460.466,7933342.129,b. de credito del peru (con sucursales en el exterior),22.072160291740754,2.99,b. de credito del peru (con sucursales en el exterior),16.35
2017-10,BCP,banco de credito con sucursales en el exterior,14644824.918,7933342.129,b. de credito del peru (con sucursales en el exterior),21.52171948875897,3.0,b. de credito del peru (con sucursales en el exterior),15.6
2017-11,BCP,banco de credito con sucursales en el exterior,14910475.71,7933342.129,b. de credito del peru (con sucursales en el exterior),21.417743736780665,2.96,b. de credito del peru (con sucursales en el exterior),15.48
2017-12,BCP,banco de credito con sucursales en el exterior,15177609.423,7933342.129,b. de credito del peru (con sucursales en el exterior),21.31526335252491,2.97,b. de credito del peru (con sucursales en el exterior),15.05
2018-01,BCP,banco de credito con sucursales en el exterior,15508512.699,7933342.129,b. de credito del peru (con sucursales en el exterior),21.202836134606432,2.96,b. de credito del peru (con sucursales en el exterior),15.22
2018-02,BCP,banco de credito con sucursales en el exterior,15684067.222,7933342.129,b. de credito del peru (con sucursales en el exterior),21.29404804276588,3.19,b. de credito del peru (con sucursales en el exterior),14.98
2018-03,BCP,banco de credito con sucursales en el exterior,14515945.106,8770364.708,b. de credito del peru (con sucursales en el exterior),21.637133021501032,2.86,b. de credito del peru (con sucursales en el exterior),15.91
2018-04,BCP,banco de credito con sucursales en el exterior,14769254.415,8770364.708,b. de credito del peru (con sucursales en el exterior),21.77800324949245,2.86,b. de credito del peru (con sucursales en el exterior),15.67
2018-05,BCP,banco de credito con sucursales en el exterior,15033741.584,8770364.708,b. de credito del peru (con sucursales en el exterior),21.71875310676433,2.89,b. de credito del peru (con sucursales en el exterior),15.64
2018-06,BCP,banco de credito con sucursales en el exterior,15289008.145,8770364.708,b. de credito del peru (con sucursales en el exterior),21.51053240582495,2.9,b. de credito del peru (con sucursales en el exterior),15.07
2018-07,BCP,banco de credito con sucursales en el exterior,15601541.335,8770364.708,b. de credito del peru (con sucursales en el exterior),21.534483966982407,2.94,b. de credito del peru (con sucursales en el exterior),15.23
2018-08,BCP,banco de credito con sucursales en el exterior,15894114.512,8770364.708,b. de credito del peru (con sucursales en el exterior),21.320977136256985,2.93,b. de credito del peru (con sucursales en el exterior),15.07
2018-09,BCP,banco de credito con sucursales en el exterior,16168454.907,8770364.708,b. de credito del peru (con sucursales en el exterior),21.304607809740418,2.91,b. de credito del peru (con sucursales en el exterior),14.94
2018-10,BCP,banco de credito con sucursales en el exterior,16412526.367,8770364.708,b. de credito del peru (con sucursales en el exterior),21.330794441743066,2.88,b. de credito del peru (con sucursales en el exterior),14.68
2018-11,BCP,banco de credito con sucursales en el exterior,16674939.649,8770364.708,b. de credito del peru (con sucursales en el exterior),21.192498606008854,2.81,b. de credito del peru (con sucursales en el exterior),14.51
2018-12,BCP,banco de credito con sucursales en el exterior,16957403.047,8770364.708,b. de credito del peru (con sucursales en el exterior),21.273876551677223,2.66,b. de credito del peru (con sucursales en el exterior),14.17
2019-01,BCP,banco de credito con sucursales en el exterior,17355586.486,8770364.708,b. de credito del peru (con sucursales en el exterior),21.446596791336,2.8,b. de credito del peru (con sucursales en el exterior),14.15
2019-02,BCP,banco de credito con sucursales en el exterior,17642498.73,8770364.708,b. de credito del peru (con sucursales en el exterior),21.512079380032603,2.76,b. de credito del peru (con sucursales en el exterior),14.26
2019-03,BCP,banco de credito con sucursales en el exterior,16475115.149,10217386.717,b. de credito del peru (con sucursales en el exterior),21.017622782841052,2.74,b. de credito del peru (con sucursales en el exterior),15.49
2019-04,BCP,banco de credito con sucursales en el exterior,16852204.369,10217386.717,b. de credito del peru (con sucursales en el exterior),21.326488708561936,2.83,b. de credito del peru (con sucursales en el exterior),15.44
2019-05,BCP,banco de credito con sucursales en el exterior,17163295.076,10217386.717,b. de credito del peru (con sucursales en el exterior),21.11839466807464,2.85,b. de credito del peru (con sucursales en el exterior),15.27
2019-06,BCP,banco de credito con sucursales en el exterior,17521167.213,10217386.717,b. de credito del peru (con sucursales en el exterior),21.125649810354403,2.87,b. de credito del peru (con sucursales en el exterior),14.95
2019-07,BCP,banco de credito con sucursales en el exterior,17935857.904,10217386.717,b. de credito del peru (con sucursales en el exterior),21.036661670165692,2.91,b. de credito del peru (con sucursales en el exterior),14.84
2019-08,BCP,banco de credito con sucursales en el exterior,18279517.689,10217386.717,b. de credito del peru (con sucursales en el exterior),21.1590789786022,2.85,b. de credito del peru (con sucursales en el exterior),14.8
2019-09,BCP,banco de credito con sucursales en el exterior,18019880.786,10217386.717,b. de credito del peru (con sucursales en el exterior),21.066520419027608,2.83,b. de credito del peru (con sucursales en el exterior),15.45
2019-10,BCP,banco de credito con sucursales en el exterior,18295620.417,10217386.717,b. de credito del peru (con sucursales en el exterior),20.923087205820593,2.76,b. de credito del peru (con sucursales en el exterior),15.28
2019-11,BCP,banco de credito con sucursales en el exterior,18589702.836,10217386.716,b. de credito del peru (con sucursales en el exterior),20.9142378808465,2.71,b. de credito del peru (con sucursales en el exterior),14.55
2019-12,BCP,banco de credito con sucursales en el exterior,18833503.215,10217386.717,b. de credito del peru (con sucursales en el exterior),20.413076704830555,2.71,b. de credito del peru (con sucursales en el exterior),14.47
2020-01,BCP,banco de credito con sucursales en el exterior,19241642.188,10217386.716,b. de credito del peru (con sucursales en el exterior),20.143310361338024,2.81,b. de credito del peru (con sucursales en el exterior),14.06
2020-02,BCP,banco de credito con sucursales en el exterior,19464920.093,10217386.717,b. de credito del peru (con sucursales en el exterior),20.138834849978508,2.71,b. de credito del peru (con sucursales en el exterior),13.86
2020-03,BCP,banco de credito con sucursales en el exterior,19165455.595,10217386.717,b. de credito del peru (con sucursales en el exterior),18.400691854371694,2.81,b. de credito del peru (con sucursales en el exterior),13.52
2020-04,BCP,banco de credito con sucursales en el exterior,18086628.889,11067386.717,b. de credito del peru (con sucursales en el exterior),16.620317663578472,2.92,b. de credito del peru (con sucursales en el exterior),14.52
2020-05,BCP,banco de credito con sucursales en el exterior,18292768.529,11067386.717,b. de credito del peru (con sucursales en el exterior),15.116634333144873,2.54,b. de credito del peru (con sucursales en el exterior),14.64
2020-06,BCP,banco de credito con sucursales en el exterior,18304295.248,11067386.717,b. de credito del peru (con sucursales en el exterior),13.58982364281629,2.67,b. de credito del peru (con sucursales en el exterior),14.8
2020-07,BCP,banco de credito con sucursales en el exterior,18434740.782,11067386.717,b. de credito del peru (con sucursales en el exterior),11.931270358227458,2.71,b. de credito del peru (con sucursales en el exterior),15.11
2020-08,BCP,banco de credito con sucursales en el exterior,18434205.411,11067386.717,b. de credito del peru (con sucursales en el exterior),10.062646493869348,2.79,b. de credito del peru (con sucursales en el exterior),15.32
2020-09,BCP,banco de credito con sucursales en el exterior,18343912.548,11067386.717,b. de credito del peru (con sucursales en el exterior),8.585633547503605,2.88,b. de credito del peru (con sucursales en el exterior),15.39
2020-10,BCP,banco de credito con sucursales en el exterior,18418159.482,11067386.717,b. de credito del peru (con sucursales en el exterior),7.155764567494109,3.04,b. de credito del peru (con sucursales en el exterior),15.24
2020-11,BCP,banco de credito con sucursales en el exterior,18576021.506,11067386.717,b. de credito del peru (con sucursales en el exterior),5.629182893741145,3.19,b. de credito del peru (con sucursales en el exterior),15.17
2020-12,BCP,banco de credito con sucursales en el exterior,18758081.904,11067386.717,b. de credito del peru (con sucursales en el exterior),4.47147172906681,3.2,b. de credito del peru (con sucursales en el exterior),14.93
2021-01,BCP,banco de credito con sucursales en el exterior,18816744.954,11067386.717,b. de credito del peru (con sucursales en el exterior),3.7065564939257487,3.1,b. de credito del peru (con sucursales en el exterior),14.91
2021-02,BCP,banco de credito con sucursales en el exterior,18669979.116,11067386.717,b. de credito del peru (con sucursales en el exterior),2.8401084519768,3.09,b. de credito del peru (con sucursales en el exterior),14.92
2021-03,BCP,banco de credito con sucursales en el exterior,18143086.834,11317386.717,b. de credito del peru (con sucursales en el exterior),3.4849625037237675,3.07,b. de credito del peru (con sucursales en el exterior),16.46
2021-04,BCP,banco de credito con sucursales en el exterior,18225712.0,11317386.717,b. de credito del peru (con sucursales en el exterior),4.515984377789609,2.94,b. de credito del peru (con sucursales en el exterior),15.6
2021-05,BCP,banco de credito con sucursales en el exterior,18670933.785,11317386.717,b. de credito del peru (con sucursales en el exterior),5.772894757033869,2.95,b. de credito del peru (con sucursales en el exterior),15.51
2021-06,BCP,banco de credito con sucursales en el exterior,18788193.34,11317386.717,b. de credito del peru (con sucursales en el exterior),6.743012538644938,3.09,b. de credito del peru (con sucursales en el exterior),15.34
2021-07,BCP,banco de credito con sucursales en el exterior,18908444.245,11317386.717,b. de credito del peru (con sucursales en el exterior),8.354565506049589,3.24,b. de credito del peru (con sucursales en el exterior),15.14
2021-08,BCP,banco de credito con sucursales en el exterior,19064981.36,11317386.717,b. de credito del peru (con sucursales en el exterior),9.869515602215198,3.31,b. de credito del peru (con sucursales en el exterior),15.18
2021-09,BCP,banco de credito con sucursales en el exterior,19173603.08,11317386.717,b. de credito del peru (con sucursales en el exterior),10.988376687215196,3.47,b. de credito del peru (con sucursales en el exterior),15.16
2021-10,BCP,banco de credito con sucursales en el exterior,19581658.532,11317386.717,b. de credito del peru (con sucursales en el exterior),12.497823693824136,3.62,b. de credito del peru (con sucursales en el exterior),15.31
2021-11,BCP,banco de credito con sucursales en el exterior,19907689.174,11317386.717,b. de credito del peru (con sucursales en el exterior),14.18546662898038,3.82,b. de credito del peru (con sucursales en el exterior),15.15
2021-12,BCP,banco de credito con sucursales en el exterior,20288314.737,11317386.717,b. de credito del peru (con sucursales en el exterior),15.938020477993453,3.73,b. de credito del peru (con sucursales en el exterior),14.94
2022-01,BCP,banco de credito con sucursales en el exterior,20533256.343,11317386.716,b. de credito del peru (con sucursales en el exterior),16.53104934518495,3.9,b. de credito del peru (con sucursales en el exterior),14.82
2022-02,BCP,banco de credito con sucursales en el exterior,20848791.98,11317386.717,b. de credito del peru (con sucursales en el exterior),17.497788820389694,3.9,b. de credito del peru (con sucursales en el exterior),14.83
2022-03,BCP,banco de credito con sucursales en el exterior,19758477.682,12176364.76,b. de credito del peru (con sucursales en el exterior),18.936908530324708,3.92,b. de credito del peru (con sucursales en el exterior),15.79
2022-04,BCP,banco de credito con sucursales en el exterior,19762954.313,12176364.76,b. de credito del peru (con sucursales en el exterior),19.313728686466796,3.89,b. de credito del peru (con sucursales en el exterior),15.7
2022-05,BCP,banco de credito con sucursales en el exterior,20151230.128,12176364.76,b. de credito del peru (con sucursales en el exterior),19.50981247533407,3.98,b. de credito del peru (con sucursales en el exterior),15.59
2022-06,BCP,banco de credito con sucursales en el exterior,20412459.945,12176364.76,b. de credito del peru (con sucursales en el exterior),20.168776517334226,3.97,b. de credito del peru (con sucursales en el exterior),15.23
2022-07,BCP,banco de credito con sucursales en el exterior,20767494.331,12176364.76,b. de credito del peru (con sucursales en el exterior),20.430215874485153,3.85,b. de credito del peru (con sucursales en el exterior),15.02
2022-08,BCP,banco de credito con sucursales en el exterior,21270955.128,12176364.76,b. de credito del peru (con sucursales en el exterior),20.9333031079397,3.96,b. de credito del peru (con sucursales en el exterior),15.01
2022-09,BCP,banco de credito con sucursales en el exterior,21516397.379,12176364.76,b. de credito del peru (con sucursales en el exterior),21.807053142768453,4.04,b. de credito del peru (con sucursales en el exterior),14.93
2022-10,BCP,banco de credito con sucursales en el exterior,21125545.957,12176364.76,b. de credito del peru (con sucursales en el exterior),21.860931051223634,4.03,b. de credito del peru (con sucursales en el exterior),14.55
2022-11,BCP,banco de credito con sucursales en el exterior,21680163.523,12176364.76,b. de credito del peru (con sucursales en el exterior),21.844327735478537,4.08,b. de credito del peru (con sucursales en el exterior),14.49
2022-12,BCP,banco de credito con sucursales en el exterior,22000869.243,12176364.76,b. de credito del peru (con sucursales en el exterior),21.53804986310625,3.96,b. de credito del peru (con sucursales en el exterior),14.43
2023-01,BCP,banco de credito con sucursales en el exterior,22483170.228,12176364.76,b. de credito del peru (con sucursales en el exterior),22.092967917067877,4.02,b. de credito del peru (con sucursales en el exterior),17.54
2023-02,BCP,banco de credito con sucursales en el exterior,22836230.343,12176364.76,b. de credito del peru (con sucursales en el exterior),21.958064869871297,4.05,b. de credito del peru (con sucursales en el exterior),17.84
2023-03,BCP,banco de credito con sucursales en el exterior,20741350.723,12973174.634,b. de credito del peru (con sucursales en el exterior),22.12948920399829,3.99,b. de credito del peru (con sucursales en el exterior),16.45
2023-04,BCP,banco de credito con sucursales en el exterior,21134442.168,12973174.634,b. de credito del peru (con sucursales en el exterior),22.25847537967474,4.02,b. de credito del peru (con sucursales en el exterior),16.46
2023-05,BCP,banco de credito con sucursales en el exterior,21667962.734,12973174.634,b. de credito del peru (con sucursales en el exterior),22.70570976363834,4.1,b. de credito del peru (con sucursales en el exterior),16.83
2023-06,BCP,banco de credito con sucursales en el exterior,22228466.977,12973174.634,b. de credito del peru (con sucursales en el exterior),23.0221457008042,4.11,b. de credito del peru (con sucursales en el exterior),17.201854577630268
2023-07,BCP,banco de credito con sucursales en el exterior,22646851.782,12973174.634,b. de credito del peru (con sucursales en el exterior),22.800775925561474,4.33,b. de credito del peru (con sucursales en el exterior),17.374581866029935
2023-08,BCP,banco de credito con sucursales en el exterior,23045784.996,12973174.634,b. de credito del peru (con sucursales en el exterior),22.49585996096177,4.46,b. de credito del peru (con sucursales en el exterior),17.538994059730133
2023-09,BCP,banco de credito con sucursales en el exterior,23253875.348,12973174.634,b. de credito del peru (con sucursales en el exterior),21.820430740845183,4.41,b. de credito del peru (con sucursales en el exterior),17.512233884021473
2023-10,BCP,banco de credito con sucursales en el exterior,22906856.159,12973174.634,b. de credito del peru (con sucursales en el exterior),21.526887344882645,4.5,b. de credito del peru (con sucursales en el exterior),17.168714420761717
2023-11,BCP,banco de credito con sucursales en el exterior,23569102.383,12973174.634,b. de credito del peru (con sucursales en el exterior),21.21886227537203,4.38,b. de credito del peru (con sucursales en el exterior),17.537329347810772
2023-12,BCP,banco de credito con sucursales en el exterior,23974510.572,12973174.634,b. de credito del peru (con sucursales en el exterior),20.693698620535983,4.21,b. de credito del peru (con sucursales en el exterior),17.457663793169704
2024-01,BCP,banco de credito con sucursales en el exterior,24536941.268,12973174.634,b. de credito del peru (con sucursales en el exterior),20.541820890694726,4.34,b. de credito del peru (con sucursales en el exterior),18.017507716926545
2024-02,BCP,banco de credito con sucursales en el exterior,24875585.449,12973174.634,b. de credito del peru (con sucursales en el exterior),20.55374572904926,4.23,b. de credito del peru (con sucursales en el exterior),18.263074259541316
2024-03,BCP,banco de credito con sucursales en el exterior,21185235.716,12973174.634,b. de credito del peru (con sucursales en el exterior),20.094650916161946,4.37,b. de credito del peru (con sucursales en el exterior),16.1214494123385
2024-04,BCP,banco de credito con sucursales en el exterior,21578201.137,12973174.634,b. de credito del peru (con sucursales en el exterior),20.22895752330244,4.15,b. de credito del peru (con sucursales en el exterior),15.9862988803988
2024-05,BCP,banco de credito con sucursales en el exterior,22072791.671,12973174.634,b. de credito del peru (con sucursales en el exterior),20.027978253636082,4.14,b. de credito del peru (con sucursales en el exterior),16.199851878660326
2024-06,BCP,banco de credito con sucursales en el exterior,22531682.129,12973174.634,b. de credito del peru (con sucursales en el exterior),19.92332359219454,4.09,b. de credito del peru (con sucursales en el exterior),16.240168628735685
2024-07,BCP,banco de credito con sucursales en el exterior,23103221.574,12973174.634,b. de credito del peru (con sucursales en el exterior),20.39427712423003,4.24,b. de credito del peru (con sucursales en el exterior),16.698806453269626
2024-08,BCP,banco de credito con sucursales en el exterior,23786919.716,12973174.634,b. de credito del peru (con sucursales en el exterior),20.783403388677737,4.19,b. de credito del peru (con sucursales en el exterior),17.154236557892123
2024-09,BCP,banco de credito con sucursales en el exterior,24383618.749,12973174.634,b. de credito del peru (con sucursales en el exterior),21.384577685315563,4.13,b. de credito del peru (con sucursales en el exterior),18.961627528161927
2024-10,BCP,banco de credito con sucursales en el exterior,24078607.148,12973174.633,b. de credito del peru (con sucursales en el exterior),21.513096238905607,4.01,b. de credito del peru (con sucursales en el exterior),18.548747344478322
2024-11,BCP,banco de credito con sucursales en el exterior,24541051.411,12973174.634,b. de credito del peru (con sucursales en el exterior),21.5431356853676,3.75,b. de credito del peru (con sucursales en el exterior),18.46347228317645
2024-12,BCP,banco de credito con sucursales en el exterior,24967057.8,12973174.634,b. de credito del peru (con sucursales en el exterior),22.226993013112658,3.56,b. de credito del peru (con sucursales en el exterior),18.70665792718404
2025-01,BCP,banco de credito con sucursales en el exterior,25597157.762,12973174.634,b. de credito del peru (con sucursales en el exterior),22.605219662664354,3.5,b. de credito del peru (con sucursales en el exterior),19.09111564295394
2025-02,BCP,banco de credito con sucursales en el exterior,26196210.289,12973174.634,b. de credito del peru (con sucursales en el exterior),22.832912192655954,3.39,b. de credito del peru (con sucursales en el exterior),19.21987748008622
2025-03,BCP,banco de credito con sucursales en el exterior,21877324.273,12973174.633,b. de credito del peru (con sucursales en el exterior),23.26605671987529,3.5500000000000003,b. de credito del peru (con sucursales en el exterior),16.865446536301196
2025-04,BCP,banco de credito con sucursales en el exterior,22435093.595,12973174.634,b. de credito del peru (con sucursales en el exterior),23.48235994329812,3.47,b. de credito del peru (con sucursales en el exterior),18.55247316546746
2025-05,BCP,banco de credito con sucursales en el exterior,23049305.431,12973174.634,b. de credito del peru (con sucursales en el exterior),24.11113162556495,3.47,b. de credito del peru (con sucursales en el exterior),18.871917279261645
2025-06,BCP,banco de credito con sucursales en el exterior,23743714.028,12973174.634,b. de credito del peru (con sucursales en el exterior),24.834671239146918,3.44,b. de credito del peru (con sucursales en el exterior),17.334581257170893
2025-07,BCP,banco de credito con sucursales en el exterior,24321079.91,12973174.634,b. de credito del peru (con sucursales en el exterior),24.918059697099835,3.45,b. de credito del peru (con sucursales en el exterior),17.43230800902906
2025-08,BCP,banco de credito con sucursales en el exterior,24923737.493,12973174.634,b. de credito del peru (con sucursales en el exterior),24.841244329986278,3.38,b. de credito del peru (con sucursales en el exterior),17.546180492040815
2025-09,BCP,banco de credito con sucursales en el exterior,25578906.688,12973174.634,b. de credito del peru (con sucursales en el exterior),24.927665148972167,3.33,b. de credito del peru (con sucursales en el exterior),17.715357458951
2025-10,BCP,banco de credito con sucursales en el exterior,26143444.868,12973174.634,b. de credito del peru (con sucursales en el exterior),25.585068661049316,3.29,b. de credito del peru (con sucursales en el exterior),18.859140527798615
2025-11,BCP,banco de credito con sucursales en el exterior,26760447.153,12973174.634,b. de credito del peru (con sucursales en el exterior),26.066134627918565,3.23,b. de credito del peru (con sucursales en el exterior),18.92305037518979
2025-12,BCP,banco de credito con sucursales en el exterior,27317141.198,12973174.634,b. de credito del peru (con sucursales en el exterior),26.092020622941636,3.14,b. de credito del peru (con sucursales en el exterior),19.441348745667018
2009-12,Interbank,interbank,1421610.0,721545.0,interbank,36.74741639386354,1.49,interbank,11.54
2010-01,Interbank,interbank,1437542.0,721545.0,interbank,37.06180003760466,1.55,interbank,11.73
2010-02,Interbank,interbank,1463761.0,721545.0,interbank,36.70994864314779,1.58,interbank,11.66
2010-03,Interbank,interbank,1324483.0,914759.0,interbank,37.384545017342276,1.58,interbank,12.85
2010-04,Interbank,interbank,1356175.0,914759.0,interbank,36.69802447355984,1.62,interbank,16.18
2010-05,Interbank,interbank con sucursales en el exterior *,1375005.0,914759.0,interbank (con sucursales en el exterior) **,36.11987954816938,1.68,interbank (con sucursales en el exterior),16.48
2010-06,Interbank,interbank peru con sucursales en el exterior,1391909.0,914759.0,interbank (con sucursales en el exterior),35.52055771541565,1.59,interbank (con sucursales en el exterior),16.04
2010-07,Interbank,interbank peru con sucursales en el exterior,1442095.327,914759.413,interbank,34.2899352205986,1.73,interbank (con sucursales en el exterior),15.21
2010-08,Interbank,interbank peru con sucursales en el exterior,1489621.737,914759.413,interbank,35.56293736685034,1.61,interbank (con sucursales en el exterior),15.45
2010-09,Interbank,interbank peru con sucursales en el exterior,1548796.369,914759.413,interbank,34.66690062915828,1.57,interbank (con sucursales en el exterior),15.45
2010-10,Interbank,interbank peru con sucursales en el exterior,1603943.88,914759.413,interbank,33.342875218811976,1.56,interbank (con sucursales en el exterior),14.96
2010-11,Interbank,interbank peru con sucursales en el exterior,1621671.828,914759.413,interbank,32.86879228238951,1.55,interbank (con sucursales en el exterior),14.42
2010-12,Interbank,interbank peru con sucursales en el exterior,1667025.196,914759.413,interbank,33.68966322347083,1.52,interbank (con sucursales en el exterior),14.43
2011-01,Interbank,interbank peru con sucursales en el exterior,1713117.599,914759.413,interbank,33.2483573302056,1.65,interbank (con sucursales en el exterior),14.05
2011-02,Interbank,interbank peru con sucursales en el exterior,1714936.084,914759.413,interbank,33.10011953336046,1.53,interbank (con sucursales en el exterior),14.07
2011-03,Interbank,interbank peru con sucursales en el exterior,1535501.01,1138652.745,interbank,33.02967881929747,1.5,interbank (con sucursales en el exterior),14.13
2011-04,Interbank,interbank peru con sucursales en el exterior,1560777.81,1138652.745,interbank (con sucursales en el exterior),32.90889459915821,1.55,interbank (con sucursales en el exterior),13.95
2011-05,Interbank,interbank peru con sucursales en el exterior,1614560.507,1138652.745,interbank (con sucursales en el exterior),33.03702085088189,1.55,interbank (con sucursales en el exterior),13.85
2011-06,Interbank,interbank peru con sucursales en el exterior,1607018.612,1138652.745,interbank (con sucursales en el exterior),33.31474463061661,1.55,interbank (con sucursales en el exterior),14.47
2011-07,Interbank,interbank peru con sucursales en el exterior,1691435.006,1138652.745,interbank (con sucursales en el exterior,34.0834249553818,1.65,interbank (con sucursales en el exterior),14.87
2011-08,Interbank,interbank peru con sucursales en el exterior,1729657.901,1138652.745,interbank (con sucursales en el exterior,33.184197219957746,1.63,interbank (con sucursales en el exterior),14.86
2011-09,Interbank,interbank peru con sucursales en el exterior,1776559.861,1138652.745,interbank (con sucursales en el exterior,33.448232164334016,1.57,interbank (con sucursales en el exterior),14.56
2011-10,Interbank,interbank peru con sucursales en el exterior,1868829.279,1138652.744,interbank (con sucursales en el exterior,33.33538514239345,1.6,interbank (con sucursales en el exterior),14.39
2011-11,Interbank,interbank peru con sucursales en el exterior,1902557.835,1138652.744,interbank (con sucursales en el exterior,32.99685845151552,1.66,interbank (con sucursales en el exterior),14.36
2011-12,Interbank,interbank peru con sucursales en el exterior,1955557.37,1138652.744,interbank (con sucursales en el exterior,31.40288437113809,1.5,interbank (con sucursales en el exterior),13.67
2012-01,Interbank,interbank peru con sucursales en el exterior,2019277.454,1138652.744,interbank (con sucursales en el exterior,31.33372644970962,1.65,interbank (con sucursales en el exterior),14.03
2012-02,Interbank,interbank peru con sucursales en el exterior,2083235.29,1138652.744,interbank (con sucursales en el exterior,31.235015297237318,1.71,interbank (con sucursales en el exterior),13.91
2012-03,Interbank,interbank peru con sucursales en el exterior,1928344.72,1389614.892,interbank (con sucursales en el exterior,30.775646179708772,1.7,interbank (con sucursales en el exterior),14.87
2012-04,Interbank,interbank peru con sucursales en el exterior,1977946.834,1389614.892,interbank (con sucursales en el exterior,31.0047122267252,1.78,interbank (con sucursales en el exterior),14.34
2012-05,Interbank,interbank peru con sucursales en el exterior,2002505.843,1389614.892,interbank (con sucursales en el exterior,30.650963405433533,1.89,interbank (con sucursales en el exterior),14.33
2012-06,Interbank,interbank peru con sucursales en el exterior,2062253.504,1389614.892,interbank (con sucursales en el exterior,30.02306154489476,1.82,interbank (con sucursales en el exterior),14.77
2012-07,Interbank,interbank peru con sucursales en el exterior,2125517.089,1389614.892,interbank (con sucursales en el exterior,30.07240922695485,1.82,interbank (con sucursales en el exterior),14.03
2012-08,Interbank,interbank peru con sucursales en el exterior,2150530.882,1389614.892,interbank (con sucursales en el exterior,29.564439335559427,1.8,interbank (con sucursales en el exterior),13.72
2012-09,Interbank,interbank peru con sucursales en el exterior,2214857.237,1389614.892,interbank (con sucursales en el exterior,28.20641147593267,1.83,interbank (con sucursales en el exterior),13.89
2012-10,Interbank,interbank peru con sucursales en el exterior,2261680.519,1389614.892,interbank (con sucursales en el exterior,27.757407864323767,1.84,interbank (con sucursales en el exterior),13.68
2012-11,Interbank,interbank peru con sucursales en el exterior,2315853.108,1389614.892,interbank (con sucursales en el exterior,27.318145829438624,1.77,interbank (con sucursales en el exterior),13.52
2012-12,Interbank,interbank peru con sucursales en el exterior,2374392.486,1389614.892,interbank (con sucursales en el exterior,26.82726931621236,1.84,interbank (con sucursales en el exterior),13.28
2013-01,Interbank,interbank peru con sucursales en el exterior,2433384.598,1405137.22,interbank (con sucursales en el exterior,26.42822879839996,1.94,interbank (con sucursales en el exterior),13.92
2013-02,Interbank,interbank peru con sucursales en el exterior,2480394.629,1405137.22,interbank (con sucursales en el exterior,25.847778368598572,1.91,interbank (con sucursales en el exterior),13.64
2013-03,Interbank,interbank peru con sucursales en el exterior,2278424.594,1661837.893,interbank (con sucursales en el exterior,26.616146852931887,1.94,interbank (con sucursales en el exterior),15.04
2013-04,Interbank,interbank peru con sucursales en el exterior,2306739.394,1661837.893,interbank (con sucursales en el exterior,26.35667545279575,1.92,interbank (con sucursales en el exterior),14.8
2013-05,Interbank,interbank peru con sucursales en el exterior,2329444.432,1661837.893,interbank (con sucursales en el exterior,27.098580474645416,1.92,interbank (con sucursales en el exterior),14.71
2013-06,Interbank,interbank peru con sucursales en el exterior,2350949.669,1661837.893,interbank (con sucursales en el exterior,26.852772566542534,1.87,interbank (con sucursales en el exterior),14.52
2013-07,Interbank,interbank peru con sucursales en el exterior,2396076.463,1661837.893,interbank (con sucursales en el exterior,26.51496356463692,1.81,interbank (con sucursales en el exterior),14.04
2013-08,Interbank,interbank peru con sucursales en el exterior,2433228.151,1661837.893,interbank (con sucursales en el exterior,26.243125252446948,1.78,interbank (con sucursales en el exterior),14.21
2013-09,Interbank,interbank peru con sucursales en el exterior,2487948.528,1661837.893,interbank (con sucursales en el exterior,25.97281170861512,1.78,interbank (con sucursales en el exterior),13.65
2013-10,Interbank,interbank peru con sucursales en el exterior,2567584.324,1661837.893,interbank (con sucursales en el exterior,26.103127513934353,1.77,interbank (con sucursales en el exterior),13.44
2013-11,Interbank,interbank peru con sucursales en el exterior,2598448.583,1661837.893,interbank (con sucursales en el exterior,26.235549090619248,1.75,interbank (con sucursales en el exterior),13.13
2013-12,Interbank,interbank peru con sucursales en el exterior,2651639.578,1661837.893,interbank (con sucursales en el exterior,26.489097888556117,1.75,interbank (con sucursales en el exterior),13.39
2014-01,Interbank,interbank peru con sucursales en el exterior,2688819.534,1661837.893,interbank (con sucursales en el exterior,26.378783809690347,1.88,interbank (con sucursales en el exterior),13.61
2014-02,Interbank,interbank peru con sucursales en el exterior,2743267.074,1661837.893,interbank (con sucursales en el exterior,26.355255676895993,1.91,interbank (con sucursales en el exterior),13.54
2014-03,Interbank,interbank peru con sucursales en el exterior,2522542.935,1953902.741,interbank (con sucursales en el exterior,25.74527214310944,1.88,interbank (con sucursales en el exterior),16.76
2014-04,Interbank,interbank peru con sucursales en el exterior,2593339.769,1953902.741,interbank (con sucursales en el exterior,25.60669249921287,1.9,interbank (con sucursales en el exterior),16.4
2014-05,Interbank,interbank peru con sucursales en el exterior,2674099.441,1953902.741,interbank (con sucursales en el exterior,24.753596427395912,1.94,interbank (con sucursales en el exterior),16.22
2014-06,Interbank,interbank peru con sucursales en el exterior,2720814.222,1953902.741,interbank (con sucursales en el exterior,24.689907545753414,1.91,interbank (con sucursales en el exterior),15.82
2014-07,Interbank,interbank peru con sucursales en el exterior,2792359.105,1953902.741,interbank (con sucursales en el exterior,24.838572371649697,1.94,interbank (con sucursales en el exterior),15.47
2014-08,Interbank,interbank peru con sucursales en el exterior,2853784.585,1953902.741,interbank (con sucursales en el exterior,24.980390936300225,1.91,interbank (con sucursales en el exterior),15.89
2014-09,Interbank,interbank peru con sucursales en el exterior,2903179.502,1953902.741,interbank (con sucursales en el exterior,25.048402054889905,2.0,interbank (con sucursales en el exterior),15.79
2014-10,Interbank,interbank peru con sucursales en el exterior,2969857.542,1953902.741,interbank (con sucursales en el exterior,25.20982299841591,2.03,interbank (con sucursales en el exterior),15.76
2014-11,Interbank,interbank peru con sucursales en el exterior,3022205.076,1953902.741,interbank (con sucursales en el exterior,25.377300052017297,2.09,interbank (con sucursales en el exterior),15.72
2014-12,Interbank,interbank peru con sucursales en el exterior,3094974.59,1953902.741,interbank (con sucursales en el exterior,25.325876403669863,2.49,interbank (con sucursales en el exterior),15.16
2015-01,Interbank,interbank peru con sucursales en el exterior,3197222.313,1953902.741,interbank (con sucursales en el exterior,25.97031614821896,2.5,interbank (con sucursales en el exterior),14.9
2015-02,Interbank,interbank peru con sucursales en el exterior,3257063.567,1953902.741,interbank (con sucursales en el exterior,26.04687243218573,2.54,interbank (con sucursales en el exterior),14.95
2015-03,Interbank,interbank peru con sucursales en el exterior,2993692.879,2272811.654,interbank (con sucursales en el exterior),26.33485924736039,2.28,interbank (con sucursales en el exterior),16.71
2015-04,Interbank,interbank peru con sucursales en el exterior,3078315.367,2272811.654,interbank (con sucursales en el exterior),26.585508442966038,2.29,interbank (con sucursales en el exterior),16.54
2015-05,Interbank,interbank peru con sucursales en el exterior,3133176.219,2272811.654,interbank (con sucursales en el exterior),26.552298451791557,2.31,interbank (con sucursales en el exterior),16.29
2015-06,Interbank,interbank peru con sucursales en el exterior,3184628.607,2272811.654,interbank (con sucursales en el exterior),26.73586217698019,2.41,interbank (con sucursales en el exterior),16.51
2015-07,Interbank,interbank peru con sucursales en el exterior,3252490.064,2272811.654,interbank (con sucursales en el exterior),26.613046594202817,2.41,interbank (con sucursales en el exterior),16.14
2015-08,Interbank,interbank peru con sucursales en el exterior,3275700.449,2272811.654,interbank (con sucursales en el exterior),26.876835997899974,2.45,interbank (con sucursales en el exterior),15.87
2015-09,Interbank,interbank peru con sucursales en el exterior,3349721.098,2272811.654,interbank (con sucursales en el exterior),27.25504054334837,2.32,interbank (con sucursales en el exterior),15.6
2015-10,Interbank,interbank peru con sucursales en el exterior,3447035.885,2272811.654,interbank (con sucursales en el exterior),27.336599200444244,2.2,interbank (con sucursales en el exterior),15.88
2015-11,Interbank,interbank peru con sucursales en el exterior,3527803.295,2272811.654,interbank (con sucursales en el exterior),27.046707777531843,2.32,interbank (con sucursales en el exterior),15.9
2015-12,Interbank,interbank peru con sucursales en el exterior,3550974.229,2272811.654,interbank (con sucursales en el exterior),26.3048764131366,2.35,interbank (con sucursales en el exterior),15.53
2016-01,Interbank,interbank peru con sucursales en el exterior,3599357.984,2272811.654,interbank (con sucursales en el exterior),25.955093061833306,2.36,interbank (con sucursales en el exterior),15.19
2016-02,Interbank,interbank peru con sucursales en el exterior,3717913.506,2272811.654,interbank (con sucursales en el exterior),25.568267042214693,2.52,interbank (con sucursales en el exterior),15.12
2016-03,Interbank,interbank peru con sucursales en el exterior,3455648.993,2652338.074,interbank (con sucursales en el exterior),25.364908411690053,2.49,interbank (con sucursales en el exterior),16.39
2016-04,Interbank,interbank peru con sucursales en el exterior,3570704.372,2652338.074,interbank (con sucursales en el exterior),25.169825484057657,2.43,interbank (con sucursales en el exterior),16.63
2016-05,Interbank,interbank peru con sucursales en el exterior,3648123.471,2652338.074,interbank (con sucursales en el exterior),24.718055544975538,2.66,interbank (con sucursales en el exterior),16.5
2016-06,Interbank,interbank peru con sucursales en el exterior,3720470.812,2652338.074,interbank (con sucursales en el exterior),24.400229745408623,2.67,interbank (con sucursales en el exterior),16.24
2016-07,Interbank,interbank peru con sucursales en el exterior,3830445.291,2652338.074,interbank (con sucursales en el exterior),23.966512958980214,2.58,interbank (con sucursales en el exterior),16.32
2016-08,Interbank,interbank peru con sucursales en el exterior,3871115.576,2652338.074,interbank (con sucursales en el exterior),22.98450033446905,2.73,interbank (con sucursales en el exterior),16.06
2016-09,Interbank,interbank peru con sucursales en el exterior,3974615.157,2652338.074,interbank (con sucursales en el exterior),22.667941356305587,2.62,interbank (con sucursales en el exterior),16.12
2016-10,Interbank,interbank peru con sucursales en el exterior,4036780.718,2652338.074,interbank (con sucursales en el exterior),22.471700087707564,2.69,interbank (con sucursales en el exterior),15.9
2016-11,Interbank,interbank peru con sucursales en el exterior,4094223.372,2652338.074,interbank (con sucursales en el exterior),22.311622692186493,2.74,interbank (con sucursales en el exterior),16.11
2016-12,Interbank,interbank peru con sucursales en el exterior,4183582.076,2652338.074,interbank (con sucursales en el exterior),22.97639686924889,2.64,interbank (con sucursales en el exterior),15.9
2017-01,Interbank,interbank peru con sucursales en el exterior,4249708.116,2652338.074,interbank (con sucursales en el exterior),22.324439175919373,2.76,interbank (con sucursales en el exterior),15.76
2017-02,Interbank,interbank peru con sucursales en el exterior,4318001.071,2652338.074,interbank (con sucursales en el exterior),22.04888621083755,2.74,interbank (con sucursales en el exterior),15.66
2017-03,Interbank,interbank peru con sucursales en el exterior,4006632.37,3046121.763,interbank (con sucursales en el exterior),21.58405635577119,2.75,interbank (con sucursales en el exterior),17.1
2017-04,Interbank,interbank peru con sucursales en el exterior,4075801.297,3046121.763,interbank (con sucursales en el exterior),21.282425133756284,2.75,interbank (con sucursales en el exterior),17.02
2017-05,Interbank,interbank peru con sucursales en el exterior,4160341.785,3046121.763,interbank (con sucursales en el exterior),21.253919963884154,2.86,interbank (con sucursales en el exterior),16.81
2017-06,Interbank,interbank peru con sucursales en el exterior,4234254.602,3046121.763,interbank (con sucursales en el exterior),21.16453343225934,2.81,interbank (con sucursales en el exterior),16.63
2017-07,Interbank,interbank peru con sucursales en el exterior,4327522.379,3046121.763,interbank (con sucursales en el exterior),21.131211383524217,2.82,interbank (con sucursales en el exterior),16.64
2017-08,Interbank,interbank peru con sucursales en el exterior,4404902.993,3046121.763,interbank (con sucursales en el exterior),21.171684799471723,2.88,interbank (con sucursales en el exterior),16.52
2017-09,Interbank,interbank peru con sucursales en el exterior,4566847.082,3046121.763,interbank (con sucursales en el exterior),20.74340505584725,2.84,interbank (con sucursales en el exterior),16.48
2017-10,Interbank,interbank peru con sucursales en el exterior,4677775.76,3046121.763,interbank (con sucursales en el exterior),20.482827956214667,2.98,interbank (con sucursales en el exterior),16.21
2017-11,Interbank,interbank peru con sucursales en el exterior,4723392.546,3046121.763,interbank (con sucursales en el exterior),20.255775707194893,3.04,interbank (con sucursales en el exterior),15.88
2017-12,Interbank,interbank peru con sucursales en el exterior,4757005.064,3046121.763,interbank (con sucursales en el exterior),20.616279919396533,2.85,interbank (con sucursales en el exterior),16.07
2018-01,Interbank,interbank peru con sucursales en el exterior,4816274.077,3046121.763,interbank (con sucursales en el exterior),21.993419618490194,2.9,interbank (con sucursales en el exterior),16.35
2018-02,Interbank,interbank peru con sucursales en el exterior,4875563.09,3046121.763,interbank (con sucursales en el exterior),21.984547679022707,2.94,interbank (con sucursales en el exterior),16.35
2018-03,Interbank,interbank peru con sucursales en el exterior,4537906.664,3452021.667,interbank (con sucursales en el exterior),21.860237470428274,2.74,interbank (con sucursales en el exterior),17.52
2018-04,Interbank,interbank peru con sucursales en el exterior,4616226.242,3452021.667,interbank (con sucursales en el exterior),21.65805965922694,2.72,interbank (con sucursales en el exterior),16.87
2018-05,Interbank,interbank peru con sucursales en el exterior,4683159.097,3452021.667,interbank (con sucursales en el exterior),21.882189410633707,2.72,interbank (con sucursales en el exterior),17.02
2018-06,Interbank,interbank peru con sucursales en el exterior,4757036.494,3452021.667,interbank (con sucursales en el exterior),21.973269545186884,2.72,interbank (con sucursales en el exterior),16.68
2018-07,Interbank,interbank peru con sucursales en el exterior,4861087.253,3452021.667,interbank (con sucursales en el exterior),21.79038711707709,2.7,interbank (con sucursales en el exterior),16.61
2018-08,Interbank,interbank peru con sucursales en el exterior,4943445.788,3452021.667,interbank (con sucursales en el exterior),21.795850960859113,2.69,interbank (con sucursales en el exterior),16.53
2018-09,Interbank,interbank peru con sucursales en el exterior,5013767.104,3452021.667,interbank (con sucursales en el exterior),21.83269520721788,2.62,interbank (con sucursales en el exterior),16.24
2018-10,Interbank,interbank peru con sucursales en el exterior,5071835.319,3452021.667,interbank (con sucursales en el exterior),21.761878622735793,2.67,interbank (con sucursales en el exterior),16.12
2018-11,Interbank,interbank peru con sucursales en el exterior,5176664.972,3452021.667,interbank (con sucursales en el exterior),21.841803816593615,2.65,interbank (con sucursales en el exterior),16.21
2018-12,Interbank,interbank peru con sucursales en el exterior,5306809.886,3452021.667,interbank (con sucursales en el exterior),21.276506196100566,2.64,interbank (con sucursales en el exterior),15.79
2019-01,Interbank,interbank peru con sucursales en el exterior,5410482.792,3452021.667,interbank (con sucursales en el exterior),19.91793799190828,2.65,interbank (con sucursales en el exterior),15.63
2019-02,Interbank,interbank peru con sucursales en el exterior,5477173.225,3452021.667,interbank (con sucursales en el exterior),19.88118674113113,2.58,interbank (con sucursales en el exterior),15.35
2019-03,Interbank,interbank peru con sucursales en el exterior,5172844.233,3919065.703,interbank (con sucursales en el exterior),20.681382473409887,2.61,interbank (con sucursales en el exterior),16.43
2019-04,Interbank,interbank peru con sucursales en el exterior,5256182.796,3919065.703,interbank (con sucursales en el exterior),20.64227589526289,2.66,interbank (con sucursales en el exterior),16.37
2019-05,Interbank,interbank peru con sucursales en el exterior,5369245.201,3919065.703,interbank (con sucursales en el exterior),20.448029204914285,2.67,interbank (con sucursales en el exterior),16.23
2019-06,Interbank,interbank peru con sucursales en el exterior,5484113.637,3919065.703,interbank (con sucursales en el exterior),20.68803332575247,2.67,interbank (con sucursales en el exterior),16.08
2019-07,Interbank,interbank peru con sucursales en el exterior,5584640.193,3919065.703,interbank (con sucursales en el exterior),22.73898549834955,2.7,interbank (con sucursales en el exterior),16.0
2019-08,Interbank,interbank peru con sucursales en el exterior,5709143.591,3919065.703,interbank (con sucursales en el exterior),22.70583286798659,2.74,interbank (con sucursales en el exterior),15.6
2019-09,Interbank,interbank peru con sucursales en el exterior,5802543.128,3919065.703,interbank (con sucursales en el exterior),22.696365902537043,2.78,interbank (con sucursales en el exterior),15.41
2019-10,Interbank,interbank peru con sucursales en el exterior,5876444.453,3919065.703,interbank (con sucursales en el exterior),22.311848321645623,2.65,interbank (con sucursales en el exterior),15.29
2019-11,Interbank,interbank peru con sucursales en el exterior,5949225.676,3919065.703,interbank (con sucursales en el exterior),21.97965074891817,2.62,interbank (con sucursales en el exterior),15.1
2019-12,Interbank,interbank peru con sucursales en el exterior,6028991.534,3919065.703,interbank (con sucursales en el exterior),21.83845500219751,2.62,interbank (con sucursales en el exterior),15.15
2020-01,Interbank,interbank peru con sucursales en el exterior,6138583.476,3919065.703,interbank (con sucursales en el exterior),21.778300978883625,2.61,interbank (con sucursales en el exterior),14.88
2020-02,Interbank,interbank peru con sucursales en el exterior,6208669.053,3919065.703,interbank (con sucursales en el exterior),21.74824699451493,2.66,interbank (con sucursales en el exterior),14.87
2020-03,Interbank,interbank peru con sucursales en el exterior,6196897.936,3919065.703,interbank (con sucursales en el exterior),20.11489610598828,2.79,interbank (con sucursales en el exterior),16.12
2020-04,Interbank,interbank peru con sucursales en el exterior,5951520.172,4704975.435,interbank (con sucursales en el exterior),18.439128179825556,3.03,interbank (con sucursales en el exterior),14.95
2020-05,Interbank,interbank peru con sucursales en el exterior,5996802.403,4704975.435,interbank (con sucursales en el exterior),16.75370423018222,2.39,interbank (con sucursales en el exterior),14.75
2020-06,Interbank,interbank peru con sucursales en el exterior,5989314.504,4704975.435,interbank (con sucursales en el exterior),14.928274284672009,2.44,interbank (con sucursales en el exterior),14.68
2020-07,Interbank,interbank peru con sucursales en el exterior,6078619.588,4704975.435,interbank (con sucursales en el exterior),11.54107725232268,2.28,interbank (con sucursales en el exterior),16.46
2020-08,Interbank,interbank peru con sucursales en el exterior,6072434.027,4704975.435,interbank (con sucursales en el exterior),10.062133174671198,2.28,interbank (con sucursales en el exterior),16.6
2020-09,Interbank,interbank peru con sucursales en el exterior,6055818.267,4704975.435,interbank (con sucursales en el exterior),8.461058181206868,2.74,interbank (con sucursales en el exterior),16.97
2020-10,Interbank,interbank peru con sucursales en el exterior,6102172.798,4704975.435,interbank (con sucursales en el exterior),7.170263943453564,3.34,interbank (con sucursales en el exterior),16.93
2020-11,Interbank,interbank peru con sucursales en el exterior,6128068.091,4704975.435,interbank (con sucursales en el exterior),5.895388067556544,3.7,interbank (con sucursales en el exterior),17.04
2020-12,Interbank,interbank peru con sucursales en el exterior,6183405.236,4704975.435,interbank (con sucursales en el exterior),4.348141514007992,3.4,interbank (con sucursales en el exterior),16.99
2021-01,Interbank,interbank,6143512.391,4704975.435,interbank***,3.6442090834102485,3.22,interbank,16.73
2021-02,Interbank,interbank,6083067.233,4704975.435,interbank,2.732696420253772,3.35,interbank,16.8
2021-03,Interbank,interbank,6048086.095,4943369.812,interbank,2.7503164944868983,3.26,interbank,17.01
2021-04,Interbank,interbank,5972715.016,4943369.812,interbank,3.5984976780836986,3.14,interbank,16.55
2021-05,Interbank,interbank,6098676.353,4943369.812,interbank,4.872147398403763,3.11,interbank,16.49
2021-06,Interbank,interbank,6143138.885,4943369.812,interbank,6.316572193598398,3.03,interbank,16.49
2021-07,Interbank,interbank,6150413.466,4943369.812,interbank,7.770044520090325,3.06,interbank,16.3
2021-08,Interbank,interbank,6162058.956,4943369.812,interbank,9.722930811879,3.14,interbank,16.45
2021-09,Interbank,interbank,6260026.349,4943369.812,interbank,12.171065913969823,3.32,interbank,16.27
2021-10,Interbank,interbank,6468933.89,4943369.812,interbank,14.687596546544901,3.7,interbank,15.97
2021-11,Interbank,interbank,6636787.067,4943369.812,interbank,17.274569871397897,3.7,interbank,15.89
2021-12,Interbank,interbank,6802829.276,4943369.812,interbank,19.21523234811291,3.62,interbank,15.87
2022-01,Interbank,interbank,6871473.354,4943369.812,interbank,20.08398274998801,3.61,interbank,15.16
2022-02,Interbank,interbank,6938097.316,4943369.812,interbank,20.737741169700943,3.31,interbank,15.0
2022-03,Interbank,interbank,6329921.834,5423560.038,interbank,21.55638828203897,3.17,interbank,15.47
2022-04,Interbank,interbank,6252470.498,5423560.038,interbank,22.38249914692372,2.99,interbank,15.31
2022-05,Interbank,interbank,6397801.437,5423560.038,interbank,22.326652466997913,2.89,interbank,15.26
2022-06,Interbank,interbank,6441533.048,5423560.038,interbank,22.23712480029327,2.79,interbank,15.25
2022-07,Interbank,interbank,6501409.475,5423560.038,interbank,22.092463457095754,2.79,interbank,15.01
2022-08,Interbank,interbank,6632431.45,5423560.038,interbank,21.311392147027153,3.13,interbank,15.26
2022-09,Interbank,interbank,6659680.819,5423560.038,interbank,20.47094783973404,3.2,interbank,15.21
2022-10,Interbank,interbank,6773145.608,5423560.038,interbank,19.233467440702267,3.37,interbank,15.31
2022-11,Interbank,interbank,7013797.678,5423560.038,interbank,18.30370814240771,3.23,interbank,15.0
2022-12,Interbank,interbank,7079840.272,5423560.038,interbank,17.599323022338872,3.03,interbank,15.08
2023-01,Interbank,interbank,7164077.689,5423560.038,interbank,17.448256518000065,3.21,interbank,15.97
2023-02,Interbank,interbank,7308339.014,5423560.038,interbank,17.7377369037099,3.16,interbank,16.11
2023-03,Interbank,interbank,6897417.101,5892239.413,interbank,17.3364488490692,3.05,interbank,15.16
2023-04,Interbank,interbank,6993398.333,5892239.413,interbank,16.778954246110505,3.01,interbank,15.12
2023-05,Interbank,interbank,7163012.477,5892239.413,interbank,16.75117571728056,3.02,interbank,15.2
2023-06,Interbank,interbank,7279149.543,5892239.413,interbank,16.515026295911124,2.95,interbank,15.214347028569405
2023-07,Interbank,interbank,7348446.502,5892239.413,interbank,15.796382220818439,3.14,interbank,15.211745096957067
2023-08,Interbank,interbank,7409244.568,5892239.413,interbank,15.316574061531215,3.31,interbank,15.066119461159996
2023-09,Interbank,interbank,7419846.014,5892239.413,interbank,14.504192176285532,3.34,interbank,15.023000934369746
2023-10,Interbank,interbank,7430961.408,5892239.413,interbank,13.850998682210115,3.5100000000000002,interbank,15.154135764059017
2023-11,Interbank,interbank,7558768.083,5892239.413,interbank,12.834131910221208,3.5700000000000003,interbank,15.270703619851597
2023-12,Interbank,interbank,7712841.782,5892239.413,interbank,12.323559988533685,3.54,interbank,15.452405021826717
2024-01,Interbank,interbank,7796753.471,5892239.413,interbank,11.159737411937073,3.71,interbank,16.373806742070187
2024-02,Interbank,interbank,7838832.808,5892239.413,interbank,10.394976015988762,3.68,interbank,16.410724264233348
2024-03,Interbank,interbank,7436018.32,6295695.639,interbank,9.551546882883114,3.69,interbank,15.1142395742291
2024-04,Interbank,interbank,7474051.135,6295695.639,interbank,8.984829480883803,3.68,interbank,15.186106739431793
2024-05,Interbank,interbank,7557451.582,6295695.639,interbank,8.451899105971684,3.54,interbank,15.164190856251231
2024-06,Interbank,interbank,7652621.139,6295695.639,interbank,8.11955733746329,3.37,interbank,14.975264039531961
2024-07,Interbank,interbank,7778425.203,6295695.639,interbank,8.564027092039463,3.29,interbank,15.43608352962296
2024-08,Interbank,interbank,7960975.303,6295695.639,interbank,9.114233197423454,3.14,interbank,15.667230766928885
2024-09,Interbank,interbank,8111421.36,6295695.639,interbank,9.716888201374688,3.06,interbank,15.85044030011121
2024-10,Interbank,interbank,8177545.37,6295695.639,interbank,10.53528628825477,2.99,interbank,16.02142917904331
2024-11,Interbank,interbank,8315161.104,6295695.639,interbank,11.252634340820624,2.89,interbank,16.224202183731002
2024-12,Interbank,interbank,8454825.486,6295695.639,interbank,11.849342377691686,2.71,interbank,15.922216225510521
2025-01,Interbank,interbank,8595748.237,6295695.639,interbank,12.853045518603526,2.79,interbank,18.000438241264792
2025-02,Interbank,interbank,8736132.506,6295695.639,interbank,13.08965965273947,2.68,interbank,17.90492474493855
2025-03,Interbank,interbank,8453679.283,6715847.024,interbank,14.187333868733953,2.73,interbank,17.205829021757715
2025-04,Interbank,interbank,8582180.774,6715847.024,interbank,14.685538947132573,2.68,interbank,17.227776117641362
2025-05,Interbank,interbank,8721475.524,6715847.024,interbank,15.325745277893423,2.74,interbank,17.081141509338178
2025-06,Interbank,interbank,8920874.296,6715847.024,interbank,15.635385482059599,2.61,interbank,16.862040665214995
2025-07,Interbank,interbank,9026148.711,6715847.024,interbank,15.807188002778341,2.64,interbank,15.48712854997257
2025-08,Interbank,interbank,9220646.916,6715678.582,interbank,16.057186784182967,2.57,interbank,15.751003054622547
2025-09,Interbank,interbank,9365146.774,6715678.582,interbank,16.06528786219241,2.5500000000000003,interbank,15.79490097844413
2025-10,Interbank,interbank,9490576.559,6715678.582,interbank,15.812756826436619,2.59,interbank,15.94322327030957
2025-11,Interbank,interbank,9616513.742,6715678.582,interbank,15.868801224396108,2.41,interbank,15.987898540399009
2025-12,Interbank,interbank,9817059.059,6715678.582,interbank,16.12406661364405,2.45,interbank,16.02217513158541
2009-12,Scotiabank Perú,scotiabank peru con sucursales en el exterior,2960572.0,1427511.0,scotiabank peru (con sucursales en el exterior),23.804662560548305,1.69,scotiabank peru (con sucursales en el exterior),11.91
2010-01,Scotiabank Perú,scotiabank peru con sucursales en el exterior,3013517.0,1427511.0,scotiabank peru (con sucursales en el exterior),24.06512988580885,1.71,scotiabank peru (con sucursales en el exterior),11.94
2010-02,Scotiabank Perú,scotiabank peru con sucursales en el exterior,3073765.0,1427511.0,scotiabank peru (con sucursales en el exterior),24.31916970394016,1.68,scotiabank peru (con sucursales en el exterior),11.84
2010-03,Scotiabank Perú,scotiabank peru con sucursales en el exterior,2942810.0,1427511.0,scotiabank peru (con sucursales en el exterior),24.351721594125824,1.66,scotiabank peru (con sucursales en el exterior),13.53
2010-04,Scotiabank Perú,scotiabank peru con sucursales en el exterior,2993447.0,1427511.0,scotiabank peru (con sucursales en el exterior),24.28043617296806,1.62,scotiabank peru (con sucursales en el exterior),13.19
2010-05,Scotiabank Perú,scotiabank peru con sucursales en el exterior,3031822.0,1427511.0,scotiabank peru (con sucursales en el exterior),24.05599431188312,1.68,scotiabank peru (con sucursales en el exterior),12.96
2010-06,Scotiabank Perú,scotiabank peru con sucursales en el exterior,3087811.0,1427511.0,scotiabank peru (con sucursales en el exterior),23.74364814058142,1.71,scotiabank peru (con sucursales en el exterior),12.59
2010-07,Scotiabank Perú,scotiabank peru con sucursales en el exterior,3149714.572,1569108.839,scotiabank peru (con sucursales en el exterior),23.208623091464418,1.64,scotiabank peru (con sucursales en el exterior),12.92
2010-08,Scotiabank Perú,scotiabank peru con sucursales en el exterior,3197041.693,1569108.839,scotiabank peru (con sucursales en el exterior),22.82324038138749,1.56,scotiabank peru (con sucursales en el exterior),12.63
2010-09,Scotiabank Perú,scotiabank peru con sucursales en el exterior,3278198.223,1569108.839,scotiabank peru (con sucursales en el exterior),23.278702691434763,1.54,scotiabank peru (con sucursales en el exterior),12.22
2010-10,Scotiabank Perú,scotiabank peru con sucursales en el exterior,3337132.075,1569108.839,scotiabank peru (con sucursales en el exterior),22.36481012126724,1.51,scotiabank peru (con sucursales en el exterior),12.14
2010-11,Scotiabank Perú,scotiabank peru con sucursales en el exterior,3383196.745,1569108.839,scotiabank peru (con sucursales en el exterior),21.823359877371583,1.51,scotiabank peru (con sucursales en el exterior),11.75
2010-12,Scotiabank Perú,scotiabank peru con sucursales en el exterior,3447185.391,1569108.839,scotiabank peru (con sucursales en el exterior),21.516346764153013,1.51,scotiabank peru (con sucursales en el exterior),11.53
2011-01,Scotiabank Perú,scotiabank peru con sucursales en el exterior,3501291.553,1569108.839,scotiabank peru (con sucursales en el exterior),21.462287893762262,1.51,scotiabank peru (con sucursales en el exterior),11.37
2011-02,Scotiabank Perú,scotiabank peru con sucursales en el exterior,3550329.686,1569108.839,scotiabank peru (con sucursales en el exterior),20.88651976928945,1.47,scotiabank peru (con sucursales en el exterior),11.51
2011-03,Scotiabank Perú,scotiabank peru con sucursales en el exterior,3389313.751,2049306.729,scotiabank peru (con sucursales en el exterior),20.941246148263907,1.43,scotiabank peru (con sucursales en el exterior),12.27
2011-04,Scotiabank Perú,scotiabank peru con sucursales en el exterior,3434016.271,2049306.729,scotiabank peru (con sucursales en el exterior),20.951157172612064,1.51,scotiabank peru (con sucursales en el exterior),11.76
2011-05,Scotiabank Perú,scotiabank peru con sucursales en el exterior,3507790.432,2049306.729,scotiabank peru (con sucursales en el exterior),20.968560500721598,1.45,scotiabank peru (con sucursales en el exterior),11.8
2011-06,Scotiabank Perú,scotiabank peru con sucursales en el exterior,3588738.664,2049306.729,scotiabank peru (con sucursales en el exterior),20.95160110289389,1.5,scotiabank peru (con sucursales en el exterior),11.69
2011-07,Scotiabank Perú,scotiabank peru con sucursales en el exterior,3659667.732,2049306.729,scotiabank peru (con sucursales en el exterior),21.167865241149546,1.51,scotiabank peru (con sucursales en el exterior),11.02
2011-08,Scotiabank Perú,scotiabank peru con sucursales en el exterior,3745140.3,2299306.729,scotiabank peru (con sucursales en el exterior),21.280588746351615,1.53,scotiabank peru (con sucursales en el exterior),12.29
2011-09,Scotiabank Perú,scotiabank peru con sucursales en el exterior,3807092.058,2299306.729,scotiabank peru (con sucursales en el exterior),20.761034848867013,1.48,scotiabank peru (con sucursales en el exterior),12.08
2011-10,Scotiabank Perú,scotiabank peru con sucursales en el exterior,3877005.304,2299306.728,scotiabank peru (con sucursales en el exterior),20.857299697208656,1.53,scotiabank peru (con sucursales en el exterior),11.8
2011-11,Scotiabank Perú,scotiabank peru con sucursales en el exterior,3942361.595,2299305.968,scotiabank peru (con sucursales en el exterior),20.88207605551125,1.46,scotiabank peru (con sucursales en el exterior),11.56
2011-12,Scotiabank Perú,scotiabank peru con sucursales en el exterior,4042730.278,2299303.498,scotiabank peru (con sucursales en el exterior),21.482150971124895,1.48,scotiabank peru (con sucursales en el exterior),10.94
2012-01,Scotiabank Perú,scotiabank peru con sucursales en el exterior,4106653.94,2299303.498,scotiabank peru (con sucursales en el exterior),21.285664493082027,1.47,scotiabank peru (con sucursales en el exterior),10.81
2012-02,Scotiabank Perú,scotiabank peru con sucursales en el exterior,4178091.902,2457421.518,scotiabank peru (con sucursales en el exterior),21.165494354373912,1.5,scotiabank peru (con sucursales en el exterior),11.63
2012-03,Scotiabank Perú,scotiabank peru con sucursales en el exterior,4011084.165,2457421.518,scotiabank peru (con sucursales en el exterior),21.15245572069021,1.59,scotiabank peru (con sucursales en el exterior),12.22
2012-04,Scotiabank Perú,scotiabank peru con sucursales en el exterior,4076672.803,2457421.518,scotiabank peru (con sucursales en el exterior),21.02807696969929,1.62,scotiabank peru (con sucursales en el exterior),12.26
2012-05,Scotiabank Perú,scotiabank peru con sucursales en el exterior,4142932.955,2457421.518,scotiabank peru (con sucursales en el exterior),20.987841715874534,1.67,scotiabank peru (con sucursales en el exterior),11.77
2012-06,Scotiabank Perú,scotiabank peru con sucursales en el exterior,4204921.921,2457421.518,scotiabank peru (con sucursales en el exterior),20.582932877860763,1.68,scotiabank peru (con sucursales en el exterior),11.66
2012-07,Scotiabank Perú,scotiabank peru con sucursales en el exterior,4269835.323,2772818.578,scotiabank peru (con sucursales en el exterior),20.25353724146012,1.63,scotiabank peru (con sucursales en el exterior),12.08
2012-08,Scotiabank Perú,scotiabank peru con sucursales en el exterior,4325434.421,2772818.578,scotiabank peru (con sucursales en el exterior),20.191187130957523,1.66,scotiabank peru (con sucursales en el exterior),11.89
2012-09,Scotiabank Perú,scotiabank peru con sucursales en el exterior,4400007.386,2852818.578,scotiabank peru (con sucursales en el exterior),20.04875898558258,1.63,scotiabank peru (con sucursales en el exterior),12.28
2012-10,Scotiabank Perú,scotiabank peru con sucursales en el exterior,4466872.718,2852817.238,scotiabank peru (con sucursales en el exterior),19.88375787425708,1.73,scotiabank peru (con sucursales en el exterior),12.07
2012-11,Scotiabank Perú,scotiabank peru con sucursales en el exterior,4540799.202,2852817.238,scotiabank peru (con sucursales en el exterior),19.753513546959155,1.73,scotiabank peru (con sucursales en el exterior),11.92
2012-12,Scotiabank Perú,scotiabank peru con sucursales en el exterior,4628613.947,2852818.158,scotiabank peru (con sucursales en el exterior),19.221715308316803,1.77,scotiabank peru (con sucursales en el exterior),15.74
2013-01,Scotiabank Perú,scotiabank peru con sucursales en el exterior,4720240.18,2852818.158,scotiabank peru (con sucursales en el exterior),19.48989344687857,1.74,scotiabank peru (con sucursales en el exterior),15.68
2013-02,Scotiabank Perú,scotiabank peru con sucursales en el exterior,4768915.533,2852818.158,scotiabank peru (con sucursales en el exterior),19.18589440251409,1.75,scotiabank peru (con sucursales en el exterior),15.57
2013-03,Scotiabank Perú,scotiabank peru con sucursales en el exterior,4447940.714,2852818.158,scotiabank peru (con sucursales en el exterior),18.932724254367212,1.83,scotiabank peru (con sucursales en el exterior),15.89
2013-04,Scotiabank Perú,scotiabank peru con sucursales en el exterior,4516058.012,2852818.158,scotiabank peru (con sucursales en el exterior),18.760841739455046,1.87,scotiabank peru (con sucursales en el exterior),15.53
2013-05,Scotiabank Perú,scotiabank peru con sucursales en el exterior,4566881.547,2852817.338,scotiabank peru (con sucursales en el exterior),18.52148041192741,1.89,scotiabank peru (con sucursales en el exterior),15.29
2013-06,Scotiabank Perú,scotiabank peru con sucursales en el exterior,4610783.78,2852817.338,scotiabank peru (con sucursales en el exterior),18.3568306765038,1.85,scotiabank peru (con sucursales en el exterior),14.88
2013-07,Scotiabank Perú,scotiabank peru con sucursales en el exterior,4681490.142,2852817.338,scotiabank peru (con sucursales en el exterior),18.259142562266963,1.87,scotiabank peru (con sucursales en el exterior),14.54
2013-08,Scotiabank Perú,scotiabank peru con sucursales en el exterior,4720081.11,2852817.338,scotiabank peru (con sucursales en el exterior),17.914172384095092,1.89,scotiabank peru (con sucursales en el exterior),13.93
2013-09,Scotiabank Perú,scotiabank peru con sucursales en el exterior,4867928.529,2852821.808,scotiabank peru (con sucursales en el exterior),19.096513643173605,1.88,scotiabank peru (con sucursales en el exterior),13.55
2013-10,Scotiabank Perú,scotiabank peru con sucursales en el exterior,4939400.396,2852821.808,scotiabank peru (con sucursales en el exterior),18.941683092315763,2.01,scotiabank peru (con sucursales en el exterior),13.5
2013-11,Scotiabank Perú,scotiabank peru con sucursales en el exterior,4986236.656,2852821.808,scotiabank peru (con sucursales en el exterior),18.339918751279203,2.02,scotiabank peru (con sucursales en el exterior),13.0
2013-12,Scotiabank Perú,scotiabank peru con sucursales en el exterior,5058629.702,3052821.808,scotiabank peru (con sucursales en el exterior),18.034770465087572,2.06,scotiabank peru (con sucursales en el exterior),13.24
2014-01,Scotiabank Perú,scotiabank peru con sucursales en el exterior,5120493.185,3052821.808,scotiabank peru (con sucursales en el exterior),17.41797164806731,2.21,scotiabank peru (con sucursales en el exterior),13.03
2014-02,Scotiabank Perú,scotiabank peru con sucursales en el exterior,5173355.357,3052821.808,scotiabank peru (con sucursales en el exterior),17.248988927069643,2.28,scotiabank peru (con sucursales en el exterior),13.11
2014-03,Scotiabank Perú,scotiabank peru con sucursales en el exterior,4897642.026,3052820.748,scotiabank peru (con sucursales en el exterior),16.90219346457799,2.24,scotiabank peru (con sucursales en el exterior),13.33
2014-04,Scotiabank Perú,scotiabank peru con sucursales en el exterior,4954763.614,3052820.758,scotiabank peru (con sucursales en el exterior),16.5402217023088,2.26,scotiabank peru (con sucursales en el exterior),13.24
2014-05,Scotiabank Perú,scotiabank peru con sucursales en el exterior,5045611.006,3052820.758,scotiabank peru (con sucursales en el exterior),16.710293061418017,2.33,scotiabank peru (con sucursales en el exterior),12.98
2014-06,Scotiabank Perú,scotiabank peru con sucursales en el exterior,5105556.961,3052820.758,scotiabank peru (con sucursales en el exterior),16.69717759207643,2.28,scotiabank peru (con sucursales en el exterior),12.78
2014-07,Scotiabank Perú,scotiabank peru con sucursales en el exterior,5184656.89,3552820.758,scotiabank peru (con sucursales en el exterior),16.790410309969072,2.33,scotiabank peru (con sucursales en el exterior),13.66
2014-08,Scotiabank Perú,scotiabank peru con sucursales en el exterior,5271531.544,3552820.758,scotiabank peru (con sucursales en el exterior),17.125253297791037,2.32,scotiabank peru (con sucursales en el exterior),13.28
2014-09,Scotiabank Perú,scotiabank peru con sucursales en el exterior,5367288.325,3683040.248,scotiabank peru (con sucursales en el exterior),16.39986677524377,2.22,scotiabank peru (con sucursales en el exterior),13.39
2014-10,Scotiabank Perú,scotiabank peru con sucursales en el exterior,5467893.025,3683040.328,scotiabank peru (con sucursales en el exterior),16.795406530447,2.34,scotiabank peru (con sucursales en el exterior),13.31
2014-11,Scotiabank Perú,scotiabank peru con sucursales en el exterior,5574602.93,3683040.328,scotiabank peru (con sucursales en el exterior),17.835684201318145,2.4,scotiabank peru (con sucursales en el exterior),13.2
2014-12,Scotiabank Perú,scotiabank peru con sucursales en el exterior,5680221.141,3683040.328,scotiabank peru (con sucursales en el exterior),18.258852440746956,2.43,scotiabank peru (con sucursales en el exterior),12.89
2015-01,Scotiabank Perú,scotiabank peru con sucursales en el exterior,5747034.375,3683040.328,scotiabank peru (con sucursales en el exterior),17.97955735562409,2.56,scotiabank peru (con sucursales en el exterior),12.94
2015-02,Scotiabank Perú,scotiabank peru con sucursales en el exterior,5820857.152,3683039.728,scotiabank peru (con sucursales en el exterior),18.187179427496865,2.61,scotiabank peru (con sucursales en el exterior),13.5
2015-03,Scotiabank Perú,scotiabank peru con sucursales en el exterior,5542201.502,3683039.728,scotiabank peru (con sucursales en el exterior),18.75718570080334,2.64,scotiabank peru (con sucursales en el exterior),13.4
2015-04,Scotiabank Perú,scotiabank peru con sucursales en el exterior,5617030.324,3933039.728,scotiabank peru (con sucursales en el exterior),18.88654104650354,2.7,scotiabank peru (con sucursales en el exterior),13.34
2015-05,Scotiabank Perú,scotiabank peru con sucursales en el exterior*,5700080.949,3933039.728,scotiabank peru (con sucursales en el exterior)***,18.80938942143519,2.92,scotiabank peru (con sucursales en el exterior),13.51
2015-06,Scotiabank Perú,scotiabank peru con sucursales en el exterior,5758140.343,4156667.298,scotiabank peru (con sucursales en el exterior),18.659670144005446,3.09,scotiabank peru (con sucursales en el exterior),13.53
2015-07,Scotiabank Perú,scotiabank peru con sucursales en el exterior,5835834.219,4156667.298,scotiabank peru (con sucursales en el exterior),18.502188162374964,2.99,scotiabank peru (con sucursales en el exterior),14.26
2015-08,Scotiabank Perú,scotiabank peru con sucursales en el exterior,5940037.044,4156667.298,scotiabank peru (con sucursales en el exterior),18.91198537145949,2.92,scotiabank peru (con sucursales en el exterior),14.05
2015-09,Scotiabank Perú,scotiabank peru con sucursales en el exterior,6010948.381,4156665.508,scotiabank peru (con sucursales en el exterior),18.30283070066618,2.78,scotiabank peru (con sucursales en el exterior),13.81
2015-10,Scotiabank Perú,scotiabank peru con sucursales en el exterior,6084548.284,4156665.508,scotiabank peru (con sucursales en el exterior),17.935373133580818,3.0,scotiabank peru (con sucursales en el exterior),13.8
2015-11,Scotiabank Perú,scotiabank peru con sucursales en el exterior,6159022.108,4156665.738,scotiabank peru (con sucursales en el exterior),17.278844929792996,3.07,scotiabank peru (con sucursales en el exterior),13.5
2015-12,Scotiabank Perú,scotiabank peru con sucursales en el exterior,6271891.412,4156665.738,scotiabank peru (con sucursales en el exterior),17.2631622489673,2.89,scotiabank peru (con sucursales en el exterior),13.97
2016-01,Scotiabank Perú,scotiabank peru con sucursales en el exterior,6365733.843,4156665.738,scotiabank peru (con sucursales en el exterior),17.636645110176097,2.95,scotiabank peru (con sucursales en el exterior),13.63
2016-02,Scotiabank Perú,scotiabank peru con sucursales en el exterior,6461706.717,4156665.738,scotiabank peru (con sucursales en el exterior),17.809349248329596,3.12,scotiabank peru (con sucursales en el exterior),13.47
2016-03,Scotiabank Perú,scotiabank peru con sucursales en el exterior,6324258.414,4816665.73,scotiabank peru (con sucursales en el exterior),17.672621779925095,3.2,scotiabank peru (con sucursales en el exterior),14.17
2016-04,Scotiabank Perú,scotiabank peru con sucursales en el exterior,6415432.916,4816665.73,scotiabank peru (con sucursales en el exterior),17.625955115797794,3.23,scotiabank peru (con sucursales en el exterior),13.9
2016-05,Scotiabank Perú,scotiabank peru con sucursales en el exterior,6495147.16,4792029.68,scotiabank peru (con sucursales en el exterior),17.524676293736565,3.34,scotiabank peru (con sucursales en el exterior),14.02
2016-06,Scotiabank Perú,scotiabank peru con sucursales en el exterior,6626362.118,4816665.73,scotiabank peru (con sucursales en el exterior),17.639164693218124,3.46,scotiabank peru (con sucursales en el exterior),14.04
2016-07,Scotiabank Perú,scotiabank peru con sucursales en el exterior,6724316.719,4816665.73,scotiabank peru (con sucursales en el exterior),17.642529065132585,3.39,scotiabank peru (con sucursales en el exterior),14.36
2016-08,Scotiabank Perú,scotiabank peru con sucursales en el exterior,6822057.058,4816665.73,scotiabank peru (con sucursales en el exterior),17.066003329685707,3.46,scotiabank peru (con sucursales en el exterior),14.73
2016-09,Scotiabank Perú,scotiabank peru con sucursales en el exterior,6922135.282,4816667.43,scotiabank peru (con sucursales en el exterior),17.34894478736189,3.32,scotiabank peru (con sucursales en el exterior),14.41
2016-10,Scotiabank Perú,scotiabank peru con sucursales en el exterior,7032323.962,4816667.43,scotiabank peru (con sucursales en el exterior),17.429905449971862,3.47,scotiabank peru (con sucursales en el exterior),14.49
2016-11,Scotiabank Perú,scotiabank peru con sucursales en el exterior,7121399.295,4816667.43,scotiabank peru (con sucursales en el exterior),17.36113204452695,3.48,scotiabank peru (con sucursales en el exterior),14.4
2016-12,Scotiabank Perú,scotiabank peru con sucursales en el exterior,7248093.005,4816667.43,scotiabank peru (con sucursales en el exterior),17.404193224691454,3.08,scotiabank peru (con sucursales en el exterior),14.41
2017-01,Scotiabank Perú,scotiabank peru*,7345321.286,4816667.43,scotiabank peru**,17.46915779153875,3.21,scotiabank peru,14.2
2017-02,Scotiabank Perú,scotiabank peru,7427460.955,4816667.43,scotiabank peru,17.122344676028327,3.19,scotiabank peru,14.16
2017-03,Scotiabank Perú,scotiabank peru,7308721.854,5166666.95,scotiabank peru,16.929061141710573,3.07,scotiabank peru,14.13
2017-04,Scotiabank Perú,scotiabank peru*,7393169.869,5166666.95,scotiabank peru,16.727410221320717,3.15,scotiabank peru,14.21
2017-05,Scotiabank Perú,scotiabank peru*,7495217.112,5166666.95,scotiabank peru,16.65993524481738,3.27,scotiabank peru,14.18
2017-06,Scotiabank Perú,scotiabank peru*,7572155.264,5166666.95,scotiabank peru,16.364776337486248,3.22,scotiabank peru,14.22
2017-07,Scotiabank Perú,scotiabank peru*,7676797.63,5634537.51,scotiabank peru,16.35893798039843,3.21,scotiabank peru,15.36
2017-08,Scotiabank Perú,scotiabank peru*,7784719.012,5634537.51,scotiabank peru,16.41854426008011,3.15,scotiabank peru,15.21
2017-09,Scotiabank Perú,scotiabank peru*,7899048.369,5634537.51,scotiabank peru,16.294887496397397,3.11,scotiabank peru,15.25
2017-10,Scotiabank Perú,scotiabank peru*,7999830.947,5634537.51,scotiabank peru,16.158240325563117,3.21,scotiabank peru,15.41
2017-11,Scotiabank Perú,scotiabank peru*,8088170.352,5634537.51,scotiabank peru,15.927648306487807,3.16,scotiabank peru,15.13
2017-12,Scotiabank Perú,scotiabank peru,8234561.019,5634537.51,scotiabank peru,15.887475111196364,3.15,scotiabank peru,15.47
2018-01,Scotiabank Perú,scotiabank peru,8353700.058,5634537.51,scotiabank peru,15.668437361372,3.25,scotiabank peru,15.07
2018-02,Scotiabank Perú,scotiabank peru,8432347.946,5634537.51,scotiabank peru,15.597601105699937,3.26,scotiabank peru,14.77
2018-03,Scotiabank Perú,scotiabank peru,7933322.951,6122945.89,scotiabank peru,15.611567721733152,3.26,scotiabank peru,15.19
2018-04,Scotiabank Perú,scotiabank peru,8013527.431,6122945.89,scotiabank peru,15.734877976757025,3.19,scotiabank peru,14.96
2018-05,Scotiabank Perú,scotiabank peru,8102323.281,6122945.89,scotiabank peru,15.759703697906266,3.22,scotiabank peru,14.87
2018-06,Scotiabank Perú,scotiabank peru,8197080.102,6122945.89,scotiabank peru,15.81146409008305,3.26,scotiabank peru,14.67
2018-07,Scotiabank Perú,scotiabank peru,8300864.856,6122945.89,scotiabank peru,15.654790821270002,3.32,scotiabank peru,14.56
2018-08,Scotiabank Perú,scotiabank peru,8427178.258,6122945.85,scotiabank peru,15.785640674123972,3.44,scotiabank peru,14.63
2018-09,Scotiabank Perú,scotiabank peru,8551938.0,6122945.85,scotiabank peru,15.836936519307912,3.34,scotiabank peru,14.46
2018-10,Scotiabank Perú,scotiabank peru,8643191.09,6122945.85,scotiabank peru,15.733211268996811,3.43,scotiabank peru,14.26
2018-11,Scotiabank Perú,scotiabank peru,8759286.155,6122945.85,scotiabank peru,15.773818034374127,3.48,scotiabank peru,14.13
2018-12,Scotiabank Perú,scotiabank peru,8861097.866,6122945.85,scotiabank peru,15.2798105198136,3.53,scotiabank peru,14.64
2019-01,Scotiabank Perú,scotiabank peru,8979638.752,6122945.85,scotiabank peru,15.09195236081321,3.51,scotiabank peru,14.65
2019-02,Scotiabank Perú,scotiabank peru,9077985.804,6122945.85,scotiabank peru,15.043723826818523,3.51,scotiabank peru,14.57
2019-03,Scotiabank Perú,scotiabank peru,8720553.884,6763270.87,scotiabank peru,15.103852030707706,3.56,scotiabank peru,14.65
2019-04,Scotiabank Perú,scotiabank peru,8816379.934,6763270.87,scotiabank peru,14.880740725467264,3.55,scotiabank peru,14.32
2019-05,Scotiabank Perú,scotiabank peru,8953614.029,6763270.87,scotiabank peru,14.884437046345003,3.55,scotiabank peru,14.04
2019-06,Scotiabank Perú,scotiabank peru,9108526.269,6763270.87,scotiabank peru,15.343448133584609,3.55,scotiabank peru,13.91
2019-07,Scotiabank Perú,scotiabank peru,9271166.933,6763270.87,scotiabank peru,15.866984581954693,3.59,scotiabank peru,13.38
2019-08,Scotiabank Perú,scotiabank peru,9396650.779,6763270.7,scotiabank peru,15.884012608372675,3.56,scotiabank peru,14.48
2019-09,Scotiabank Perú,scotiabank peru,9508975.027,6763270.7,scotiabank peru,15.642925299770791,3.59,scotiabank peru,14.4
2019-10,Scotiabank Perú,scotiabank peru,9641065.077,6763270.7,scotiabank peru,16.056350328689103,3.61,scotiabank peru,14.25
2019-11,Scotiabank Perú,scotiabank peru,9716372.754,6763270.7,scotiabank peru,15.911408011572275,3.57,scotiabank peru,14.42
2019-12,Scotiabank Perú,scotiabank peru,9846342.974,6763270.7,scotiabank peru,15.829713120012368,3.5,scotiabank peru,14.45
2020-01,Scotiabank Perú,scotiabank peru,10015915.895,6763270.7,scotiabank peru,16.158007208349183,3.55,scotiabank peru,14.08
2020-02,Scotiabank Perú,scotiabank peru,10081062.869,6763270.7,scotiabank peru,16.202979676966457,3.62,scotiabank peru,13.98
2020-03,Scotiabank Perú,scotiabank peru,10128118.79,6763270.7,scotiabank peru,15.347147399761432,3.79,scotiabank peru,14.67
2020-04,Scotiabank Perú,scotiabank peru,10239973.803,6763270.7,scotiabank peru,14.43399997202633,4.18,scotiabank peru,14.88
2020-05,Scotiabank Perú,scotiabank peru,10272209.645,7840351.78,scotiabank peru,13.14182083696021,4.1,scotiabank peru,14.88
2020-06,Scotiabank Perú,scotiabank peru,10283976.73,7840351.78,scotiabank peru,11.65253610012078,4.13,scotiabank peru,14.95
2020-07,Scotiabank Perú,scotiabank peru,10358177.417,7840351.78,scotiabank peru,9.970278234220956,3.74,scotiabank peru,15.18
2020-08,Scotiabank Perú,scotiabank peru,10274009.82,7840351.78,scotiabank peru,8.659583700870122,4.15,scotiabank peru,15.53
2020-09,Scotiabank Perú,scotiabank peru,10284440.958,7840351.96,scotiabank peru,7.436947899066815,4.41,scotiabank peru,16.07
2020-10,Scotiabank Perú,scotiabank peru,10238848.316,7840351.96,scotiabank peru,5.377754461055597,4.55,scotiabank peru,16.29
2020-11,Scotiabank Perú,scotiabank peru,10178434.704,7840351.96,scotiabank peru,3.8325139529433034,4.79,scotiabank peru,16.45
2020-12,Scotiabank Perú,scotiabank peru,9993948.326,7840351.96,scotiabank peru,2.612075082543534,5.37,scotiabank peru,16.5
2021-01,Scotiabank Perú,scotiabank peru,9994177.211,7840351.96,scotiabank peru,1.4228124103662512,5.68,scotiabank peru,15.98
2021-02,Scotiabank Perú,scotiabank peru,10009826.124,7840351.96,scotiabank peru,0.6448104912765076,5.49,scotiabank peru,15.97
2021-03,Scotiabank Perú,scotiabank peru,10062244.883,8026776.59,scotiabank peru,0.7637583911356733,4.89,scotiabank peru,16.37
2021-04,Scotiabank Perú,scotiabank peru,10077740.436,8026776.59,scotiabank peru,1.2881818374434877,4.55,scotiabank peru,15.74
2021-05,Scotiabank Perú,scotiabank peru,10169084.828,8026776.59,scotiabank peru,1.8800587803458242,4.37,scotiabank peru,15.48
2021-06,Scotiabank Perú,scotiabank peru,10246616.868,8026776.59,scotiabank peru,2.7492565597361582,4.39,scotiabank peru,15.36
2021-07,Scotiabank Perú,scotiabank peru,10271893.68,8026776.59,scotiabank peru,3.7462775623290576,4.33,scotiabank peru,14.59
2021-08,Scotiabank Perú,scotiabank peru,10348061.111,8026776.59,scotiabank peru,4.7573266720363865,4.28,scotiabank peru,14.69
2021-09,Scotiabank Perú,scotiabank peru,10434027.099,8026776.59,scotiabank peru,5.935013594479824,4.07,scotiabank peru,14.65
2021-10,Scotiabank Perú,scotiabank peru,10512673.534,8026776.59,scotiabank peru,6.903508541491774,3.99,scotiabank peru,14.59
2021-11,Scotiabank Perú,scotiabank peru,10640379.627,8026776.59,scotiabank peru,8.673262533633535,3.89,scotiabank peru,14.48
2021-12,Scotiabank Perú,scotiabank peru,10792864.138,8026776.59,scotiabank peru,10.117829201216349,3.85,scotiabank peru,14.7
2022-01,Scotiabank Perú,scotiabank peru,10916255.52,8026776.59,scotiabank peru,11.079442091441733,3.71,scotiabank peru,14.41
2022-02,Scotiabank Perú,scotiabank peru,11035699.063,8026776.59,scotiabank peru,11.836092139842718,3.55,scotiabank peru,13.92
2022-03,Scotiabank Perú,scotiabank peru,9872996.302,8026776.59,scotiabank peru,12.238501567375884,3.54,scotiabank peru,14.34
2022-04,Scotiabank Perú,scotiabank peru,10039107.986,8026776.59,scotiabank peru,13.925408772739326,3.46,scotiabank peru,14.15
2022-05,Scotiabank Perú,scotiabank peru,10127531.187,8026776.59,scotiabank peru,13.796559290008714,3.43,scotiabank peru,14.24
2022-06,Scotiabank Perú,scotiabank peru,10216069.122,8026776.59,scotiabank peru,13.84742416062695,3.62,scotiabank peru,13.91
2022-07,Scotiabank Perú,scotiabank peru,10288013.732,8026776.59,scotiabank peru,13.91088417718826,3.9,scotiabank peru,13.83
2022-08,Scotiabank Perú,scotiabank peru,10434313.336,8026776.59,scotiabank peru,13.828392494823502,4.01,scotiabank peru,14.01
2022-09,Scotiabank Perú,scotiabank peru,10418121.919,8026776.59,scotiabank peru,13.59756224675148,4.03,scotiabank peru,13.97
2022-10,Scotiabank Perú,scotiabank peru,10566913.119,8026776.59,scotiabank peru,13.874812702420607,4.07,scotiabank peru,13.85
2022-11,Scotiabank Perú,scotiabank peru,10854054.306,8026776.59,scotiabank peru,13.800194255409345,4.11,scotiabank peru,13.71
2022-12,Scotiabank Perú,scotiabank peru,10892206.748,8026776.59,scotiabank peru,13.61293543107098,4.08,scotiabank peru,13.97
2023-01,Scotiabank Perú,scotiabank peru,10959825.844,8026776.59,scotiabank peru,13.325810356116266,4.04,scotiabank peru,14.88
2023-02,Scotiabank Perú,scotiabank peru,11061766.458,8026776.59,scotiabank peru,12.96907046192635,4.09,scotiabank peru,14.72
2023-03,Scotiabank Perú,scotiabank peru,11312877.407,8226776.59,scotiabank peru,12.780616295842782,4.08,scotiabank peru,13.9
2023-04,Scotiabank Perú,scotiabank peru,11386856.381,8226776.59,scotiabank peru,11.056763831089231,4.14,scotiabank peru,14.15
2023-05,Scotiabank Perú,scotiabank peru,11555009.073,8226776.59,scotiabank peru,11.38804313184828,3.72,scotiabank peru,14.41
2023-06,Scotiabank Perú,scotiabank peru,11694199.72,8226776.59,scotiabank peru,10.983010949963479,3.75,scotiabank peru,14.355271514349512
2023-07,Scotiabank Perú,scotiabank peru,11776773.05,8226776.59,scotiabank peru,10.369913451049015,3.96,scotiabank peru,14.498072961873792
2023-08,Scotiabank Perú,scotiabank peru,11853405.362,8226776.59,scotiabank peru,9.849575915240083,3.99,scotiabank peru,14.635956804680852
2023-09,Scotiabank Perú,scotiabank peru,11809706.944,8226776.59,scotiabank peru,9.371352248651792,4.14,scotiabank peru,14.76837373759819
2023-10,Scotiabank Perú,scotiabank peru,11549915.711,8226776.59,scotiabank peru,6.871840009919292,4.25,scotiabank peru,14.923559156920637
2023-11,Scotiabank Perú,scotiabank peru,11732362.646,8226776.59,scotiabank peru,6.513976418788037,4.3500000000000005,scotiabank peru,14.997215706866676
2023-12,Scotiabank Perú,scotiabank peru,11582530.714,8226776.59,scotiabank peru,6.3952887681238995,4.5200000000000005,scotiabank peru,14.947521729540439
2024-01,Scotiabank Perú,scotiabank peru,11705666.417,8226776.59,scotiabank peru,6.170695144052417,4.54,scotiabank peru,15.11411686563529
2024-02,Scotiabank Perú,scotiabank peru,11704237.474,8226776.59,scotiabank peru,6.09652927820117,4.64,scotiabank peru,15.416412868885383
2024-03,Scotiabank Perú,scotiabank peru,11018897.981,8226776.59,scotiabank peru,5.702168067264519,4.82,scotiabank peru,14.59346567272056
2024-04,Scotiabank Perú,scotiabank peru,11085173.383,8226776.59,scotiabank peru,5.4876715740018405,4.76,scotiabank peru,14.758726579248888
2024-05,Scotiabank Perú,scotiabank peru,10926088.755,8226776.59,scotiabank peru,2.774512540641931,4.7700000000000005,scotiabank peru,15.161531921226201
2024-06,Scotiabank Perú,scotiabank peru,11074379.117,8226776.59,scotiabank peru,3.2542288653944857,4.88,scotiabank peru,14.669107143651908
2024-07,Scotiabank Perú,scotiabank peru,11233910.79,8226776.59,scotiabank peru,3.8462441902157107,4.74,scotiabank peru,15.651246979520153
2024-08,Scotiabank Perú,scotiabank peru,11471501.71,8226776.59,scotiabank peru,4.4371556989391925,4.24,scotiabank peru,15.923466264099789
2024-09,Scotiabank Perú,scotiabank peru,11604435.622,8226776.59,scotiabank peru,4.791971307518809,4.36,scotiabank peru,16.213778435980437
2024-10,Scotiabank Perú,scotiabank peru,11596313.161,8226776.59,scotiabank peru,7.4228720709472285,4.2700000000000005,scotiabank peru,16.539186236870464
2024-11,Scotiabank Perú,scotiabank peru,11742537.328,8226776.59,scotiabank peru,7.88929180391201,4.32,scotiabank peru,17.067966766919632
2024-12,Scotiabank Perú,scotiabank peru,11908316.989,8226776.59,scotiabank peru,8.383476997561463,4.26,scotiabank peru,17.140810126945755
2025-01,Scotiabank Perú,scotiabank peru,12092454.264,8226776.59,scotiabank peru,8.957092001207617,4.13,scotiabank peru,17.340269012694165
2025-02,Scotiabank Perú,scotiabank peru,12260410.002,8226776.59,scotiabank peru,9.305635830085443,4.13,scotiabank peru,18.184203956196942
2025-03,Scotiabank Perú,scotiabank peru,11573484.796,8226776.59,scotiabank peru,10.3339801654471,4.17,scotiabank peru,17.286284986883306
2025-04,Scotiabank Perú,scotiabank peru,11722720.812,8226776.59,scotiabank peru,10.77561160581024,4.15,scotiabank peru,17.42211509949837
2025-05,Scotiabank Perú,scotiabank peru,11850402.738,8226776.59,scotiabank peru,13.469940200515493,4.05,scotiabank peru,17.58433771380655
2025-06,Scotiabank Perú,scotiabank peru,11985420.283,8226776.59,scotiabank peru,13.82137244605639,3.99,scotiabank peru,17.748137556618985
2025-07,Scotiabank Perú,scotiabank peru,12074422.002,8226776.59,scotiabank peru,13.348838490006088,4.05,scotiabank peru,20.055868531458955
2025-08,Scotiabank Perú,scotiabank peru,12169746.788,8226776.59,scotiabank peru,12.916660659375395,4.11,scotiabank peru,20.187091508223798
2025-09,Scotiabank Perú,scotiabank peru,11351362.485,8226776.59,scotiabank peru,12.839559419929799,4.0,scotiabank peru,18.63238856821512
2025-10,Scotiabank Perú,scotiabank peru,11436028.578,8226776.59,scotiabank peru,12.775037664922662,3.99,scotiabank peru,18.244265246917017
2025-11,Scotiabank Perú,scotiabank peru,11573335.796,8226776.59,scotiabank peru,12.614304029793752,3.94,scotiabank peru,18.43505215008098
2025-12,Scotiabank Perú,scotiabank peru,11726328.236,8226776.59,scotiabank peru,12.49620409799519,3.94,scotiabank peru,18.591899798367425
